project_name,commit_after,commit_before,commit_date,bug_type_name,bug_type_id,bug_category,status,url,src_files,test_files,func_start,func_end,test_name,test_status
CESNET___libyang,ea0f96cf45deed39fb98b28f30d0acdc304db243,09abf888c0f33904f05d2c93c4465a92927fd500,2022-12-20T07:48:33Z,Logic Organization: Improper Condition Organization,D.1,bug,1,https://api.github.com/repos/CESNET/libyang/commits/ea0f96cf45deed39fb98b28f30d0acdc304db243,src/printer_xml.c,tests/utests/data/test_new.c,287,294,utest_new,success2
CESNET___libyang,509d721c2b61088c1e491c330c48b0cc01dc191e,39ed7a2d6756aba40eff2e2f6e2b7c96449aab1f,2022-02-21T09:00:03Z,Memory Error: Null Pointer Dereference,C.1,bug,1,https://api.github.com/repos/CESNET/libyang/commits/509d721c2b61088c1e491c330c48b0cc01dc191e,src/tree_data.c,tests/utests/types/yang_types.c,84,90,utest_yang_types,success2
CESNET___libyang,7c7783df75b9a5dfc6cc22c70b9467d47aa913d2,613bc03456b9716408ba87184c266b9850f979ac,2020-04-08T13:34:39Z,Logic Organization: Improper Condition Organization,D.1,bug,1,https://api.github.com/repos/CESNET/libyang/commits/7c7783df75b9a5dfc6cc22c70b9467d47aa913d2,src/tree_schema_compile.c,tests/src/test_tree_schema_compile.c,4749,4755,src_tree_schema_compile,success2
CESNET___libyang,cdcace7230352a25eb21a488e7f42d004b3de3e1,054aca293617ab1c7ee48a7dca6906ecad4130ff,2017-09-06T13:14:45Z,Sanitizer: Control Expression Error,B,bug,1,https://api.github.com/repos/CESNET/libyang/commits/cdcace7230352a25eb21a488e7f42d004b3de3e1,src/log.c,tests/api/test_tree_schema.c,472,478,test_tree_schema,success2
CESNET___libyang,350a6bf69e03d19fe996cba992b49556ae2ce8ab,95485ea4036af9c93ac3bd756c8c20509a717d4e,2021-05-25T06:50:09Z,Sanitizer: Control Expression Error,B,bug,1,https://api.github.com/repos/CESNET/libyang/commits/350a6bf69e03d19fe996cba992b49556ae2ce8ab,src/json.c,tests/utests/basic/test_json.c,428,434,utest_json,success2
CESNET___libyang,b6ecaeaa0391745ec9054cc4351ac4049317576c,721b6f65ed98106ea3ce94fab7be9376cf64d200,2021-02-08T08:01:22Z,Sanitizer: Control Expression Error,B,bug,1,https://api.github.com/repos/CESNET/libyang/commits/b6ecaeaa0391745ec9054cc4351ac4049317576c,src/xpath.c,tests/utests/data/test_validation.c,8432,8438,utest_validation,success2
CESNET___libyang,a353cce850560bea761d67a2fbcaf9cb271f586f,cb798b15339388572ede29205112fe8d1bcf1be5,2022-11-14T09:09:55Z,Sanitizer: Control Expression Error,B,bug,1,https://api.github.com/repos/CESNET/libyang/commits/a353cce850560bea761d67a2fbcaf9cb271f586f,src/xpath.c,tests/utests/basic/test_xpath.c,6584,6590,utest_xpath,success2
CESNET___libyang,fff4dca0da454cdff4c8fab70b4a62c0674fb862,320f34305dd9c7d14af5f13bec18e477b37f5db8,2021-10-11T12:26:01Z,Memory Error: Null Pointer Dereference,C.1,bug,1,https://api.github.com/repos/CESNET/libyang/commits/fff4dca0da454cdff4c8fab70b4a62c0674fb862,src/xpath.c,tests/utests/basic/test_xpath.c,6781,6787,utest_xpath,success2
CESNET___libyang,812a5bff4857a485db96fe7269af944d0bdb91b3,b5bc93ee6e0edfc3fb4e9ffbd972037bac42a13a,2019-09-09T07:18:05Z,Memory Error: Null Pointer Dereference,C.1,bug,1,https://api.github.com/repos/CESNET/libyang/commits/812a5bff4857a485db96fe7269af944d0bdb91b3,src/tree_schema_compile.c,tests/src/test_tree_schema_compile.c,3670,3677,src_tree_schema_compile,success2
CESNET___libyang,140ede9c075c604632a87ee3bf0e881fb485d0e7,3957b3370afc80ea33720dae9049a9a8d2df238b,2022-05-10T07:27:30Z,Signature: Incorrect Variable Usage,A.4,bug,1,https://api.github.com/repos/CESNET/libyang/commits/140ede9c075c604632a87ee3bf0e881fb485d0e7,src/tree_data.c,tests/utests/data/test_validation.c,558,564,utest_validation,success2
CESNET___libyang,9cdb9e6f60d6bae42675bc3b46f5741e50b62e68,5057c2e0181de68cd43ebcc9059121bab8602107,2021-05-18T08:51:54Z,Sanitizer: Control Expression Error,B,bug,1,https://api.github.com/repos/CESNET/libyang/commits/9cdb9e6f60d6bae42675bc3b46f5741e50b62e68,src/parser_xml.c,tests/utests/data/test_parser_xml.c,293,307,utest_parser_xml,success2
CESNET___libyang,92cc8517fcb85dcfbb93842758571f721c49c9cb,1b1e925e40396609cadfe4e780f2adef2896d37a,2019-04-25T07:57:06Z,Logic Organization: Improper Condition Organization,D.1,bug,1,https://api.github.com/repos/CESNET/libyang/commits/92cc8517fcb85dcfbb93842758571f721c49c9cb,src/tree_schema_compile.c,tests/src/test_tree_schema_compile.c,2017,2148,src_tree_schema_compile,success2
CESNET___libyang,f128972045a5d4a36854ddc0a75d99803ff81f6d,ecdc2222aea827975871e45b153ab9aaf3f8590d,2022-01-24T08:42:29Z,Signature: Incorrect Function Return Value,A.3,bug,1,https://api.github.com/repos/CESNET/libyang/commits/f128972045a5d4a36854ddc0a75d99803ff81f6d,src/plugins_types.c,tests/utests/schema/test_tree_schema_compile.c,155,163,utest_tree_schema_compile,success2
CESNET___libyang,24bd22f5e40f37fb6ae796bb8eebc9de58bae00e,fd86c5c742590679c4d0731e516fb6674363a003,2022-02-02T10:16:56Z,Sanitizer: Control Expression Error,B,bug,1,https://api.github.com/repos/CESNET/libyang/commits/24bd22f5e40f37fb6ae796bb8eebc9de58bae00e,src/xpath.c,tests/utests/schema/test_tree_schema_compile.c,5472,5478,utest_tree_schema_compile,success2
CESNET___libyang,823fbe0f7a7b50b7c80cfd948eb3c189579126ab,ca6801feadf5efff84bd2786893af293c770741e,2017-12-14T10:01:40Z,Logic Organization: Improper Condition Organization,D.1,bug,1,https://api.github.com/repos/CESNET/libyang/commits/823fbe0f7a7b50b7c80cfd948eb3c189579126ab,src/tree_schema.c,tests/schema/test_deviation.c,4079,4091,test_deviation,success2
CLIUtils___CLI11,de215ef978104a0e9efdc7b78a9d58cd529cf17a,efbfd460a7baef597d9e968c25d67c53ded61966,2022-05-24 12:19:41 -0700,Sanitizer: Control Expression Error,B,bug,1,https://api.github.com/repos/CLIUtils/CLI11/commits/de215ef978104a0e9efdc7b78a9d58cd529cf17a,include/CLI/App.hpp,tests/ConfigFileTest.cpp,2413,2419,ConfigFileTest,success2
CLIUtils___CLI11,020a21afc65fe843efca5b2f74e3d5b502425f76,c692be41cf7ea9c11e23d23515c8c082227d234d,2022-06-05 19:36:30 -0700,Signature: Incorrect Variable Usage,A.4,bug,1,https://api.github.com/repos/CLIUtils/CLI11/commits/020a21afc65fe843efca5b2f74e3d5b502425f76,include/CLI/Validators.hpp,tests/StringParseTest.cpp,1163,1169,StringParseTest,success2
CLIUtils___CLI11,dcbcb4721dda5dab0a56d9faaaee50e6a30f7758,1a26afab049bb75c0523a754d62b961439248d44,2022-09-14 07:45:22 -0700,Logic Organization: Improper Condition Organization,D.1,bug,1,https://api.github.com/repos/CLIUtils/CLI11/commits/dcbcb4721dda5dab0a56d9faaaee50e6a30f7758,include/CLI/impl/Config_inl.hpp,tests/ConfigFileTest.cpp; tests/CreationTest.cpp; tests/SubcommandTest.cpp,344,349,ConfigFileTest,success2
DynamoRIO___dynamorio,452c17abfd19fdefff52d3f3d4e2b76af809c93d,b73a792ab8625994d0d0bfc6224e2eab0f18a9f6,2022-09-12T22:54:53Z,Logic Organization: Improper Condition Organization,D.1,bug,1,https://api.github.com/repos/DynamoRIO/dynamorio/commits/452c17abfd19fdefff52d3f3d4e2b76af809c93d,core/ir/x86/decode.c,suite/tests/api/ir_x86.c,1757,1781,code_api\|api.ir*,success2
KhronosGroup___SPIRV-Tools,6a9be627c760cf1efa43d155d4e6ee5e801deba3,2a3cbe7c3f8254aad3fda82a69014f7cba19585e,2019-10-18T13:53:29Z,Logic Organization: Wrong Function Call Sequence,D.2,bug,1,https://api.github.com/repos/KhronosGroup/SPIRV-Tools/commits/6a9be627c760cf1efa43d155d4e6ee5e801deba3,source/opt/optimizer.cpp,test/opt/optimizer_test.cpp,565,572,spirv-tools-test_opt,success2
KhronosGroup___SPIRV-Tools,948577c5df3a6f0d337ab417b26edcc344eb65e2,df859f77dab392dbc78c213d36ba19216b3d068e,2020-08-13T13:09:57Z,Sanitizer: Control Expression Error,B,bug,1,https://api.github.com/repos/KhronosGroup/SPIRV-Tools/commits/948577c5df3a6f0d337ab417b26edcc344eb65e2,source/opt/folding_rules.cpp,test/opt/fold_test.cpp,1467,1473,spirv-tools-test_opt,success2
KhronosGroup___SPIRV-Tools,54385458ca2f7a7b06699e441822753dbc2d018d,868ca3954c2ee1aad3b52c6eb8f45e09d1d35995,2019-11-27T14:45:17Z,Logic Organization: Improper Condition Organization,D.1,bug,1,https://api.github.com/repos/KhronosGroup/SPIRV-Tools/commits/54385458ca2f7a7b06699e441822753dbc2d018d,source/opt/register_pressure.cpp,test/opt/register_liveness.cpp,78,86,spirv-tools-test_opt,success2
KhronosGroup___SPIRV-Tools,ab3cdcaef56e9311f299eebfd044f9646100c9dc,1a18d491f2a45b90faf911f50103392e2d5f32b5,2019-11-12T18:41:38Z,Memory Error: Memory Overflow,C.3,bug,1,https://api.github.com/repos/KhronosGroup/SPIRV-Tools/commits/ab3cdcaef56e9311f299eebfd044f9646100c9dc,source/opt/upgrade_memory_model.cpp,test/opt/upgrade_memory_model_test.cpp,429,435,spirv-tools-test_opt,success2
KhronosGroup___SPIRV-Tools,286b3095dd187da747f85baf9ce3120580565df0,726af6f78f80988271c8b558ae9cc84fa5a65016,2020-09-14T13:00:38Z,Sanitizer: Control Expression Error,B,bug,1,https://api.github.com/repos/KhronosGroup/SPIRV-Tools/commits/286b3095dd187da747f85baf9ce3120580565df0,source/opt/ccp_pass.cpp,test/opt/ccp_test.cpp,150,156,spirv-tools-test_opt,success2
KhronosGroup___SPIRV-Tools,4fa1a6f9b497193e54a814112f17ab3c2cf58053,196f638d73ef0a55ce7d99b71f525a8baee3c57e,2022-03-07T19:33:10Z,Signature: Incorrect Function Usage,A.1,bug,1,https://api.github.com/repos/KhronosGroup/SPIRV-Tools/commits/4fa1a6f9b497193e54a814112f17ab3c2cf58053,source/opt/ccp_pass.cpp,test/opt/ccp_test.cpp,172,178,spirv-tools-test_opt,success2
KhronosGroup___SPIRV-Tools,0a43a84e02245cca40ce187d1e427a5d0b4f3d13,0ebcdc4d19de627023d538826672c816e3e90f32,2022-08-10T13:04:35Z,Sanitizer: Control Expression Error,B,bug,1,https://api.github.com/repos/KhronosGroup/SPIRV-Tools/commits/0a43a84e02245cca40ce187d1e427a5d0b4f3d13,source/opt/folding_rules.cpp,test/opt/fold_test.cpp,2748,2754,spirv-tools-test_opt,success2
KhronosGroup___SPIRV-Tools,0391d0823ebfd7c37c07a54b8726cc417183a95f,ca703c8877743001468f96eb01eeccb2a5dc2a20,2019-11-19T14:45:39Z,Sanitizer: Control Expression Error,B,bug,1,https://api.github.com/repos/KhronosGroup/SPIRV-Tools/commits/0391d0823ebfd7c37c07a54b8726cc417183a95f,source/opt/value_number_table.cpp,test/opt/value_table_test.cpp,93,99,spirv-tools-test_opt,success2
KhronosGroup___SPIRV-Tools,0a5d99d02cb8c0edd41c7a9d4f309c0974d076d0,af7410597e3869ebba56dfe5067abc3bb2dc5dbc,2019-12-03T16:21:26Z,Signature: Incorrect Function Return Value,A.3,bug,1,https://api.github.com/repos/KhronosGroup/SPIRV-Tools/commits/0a5d99d02cb8c0edd41c7a9d4f309c0974d076d0,source/opt/optimizer.cpp,test/opt/optimizer_test.cpp,230,237,spirv-tools-test_opt,success2
KhronosGroup___SPIRV-Tools,d5a3bfcf2ffd154a244e7ffae54dd1766d98efa4,6803cc51268a56ec6d6b622fb91fac012cb589ef,2022-07-05T18:14:29Z,Logic Organization: Improper Condition Organization,D.1,bug,1,https://api.github.com/repos/KhronosGroup/SPIRV-Tools/commits/d5a3bfcf2ffd154a244e7ffae54dd1766d98efa4,source/opt/instruction.cpp,test/opt/instruction_test.cpp,693,700,spirv-tools-test_opt,success2
KhronosGroup___SPIRV-Tools,48a36c72e4d358ed9f0a5e53fe775a7ebb2f8f2b,4fa1a6f9b497193e54a814112f17ab3c2cf58053,2022-03-07T19:35:57Z,Sanitizer: Control Expression Error,B,bug,1,https://api.github.com/repos/KhronosGroup/SPIRV-Tools/commits/48a36c72e4d358ed9f0a5e53fe775a7ebb2f8f2b,source/opt/folding_rules.cpp,test/opt/fold_test.cpp,2368,2388,spirv-tools-test_opt,success2
KhronosGroup___SPIRV-Tools,0ad83f9139daf70a791560f5c72f94b0be5b8390,940127a77d3ad795a4a1422fbeaad50c9f19f2ea,2022-02-11T15:29:42Z,Logic Organization: Wrong Function Call Sequence,D.2,bug,1,https://api.github.com/repos/KhronosGroup/SPIRV-Tools/commits/0ad83f9139daf70a791560f5c72f94b0be5b8390,source/diff/diff.cpp,test/diff/diff_files/spec_constant_composite_autogen.cpp,2064,2098,spirv-tools-test_diff,success2
SOCI___soci,9ff3016c00108f21760d438bfbb451188886274c,f8044b88e963409641aa1bfe8a92c31a03550cd8,2020-05-12 18:47:56 -0500,Logic Organization: Improper Condition Organization,D.1,bug,1,https://api.github.com/repos/SOCI/soci/commits/9ff3016c00108f21760d438bfbb451188886274c,include/soci/type-conversion.h,tests/common-tests.h,147,152,soci_sqlite3_test_static; soci_sqlite3_test,success2
apache___arrow,68e0fa7499876fc0cf86b8be784a890226648645,69266721472725f37095880a9b87d88f395462b6,2022-09-16T12:58:41Z,Memory Error: Memory Overflow,C.3,bug,1,https://api.github.com/repos/apache/arrow/commits/68e0fa7499876fc0cf86b8be784a890226648645,cpp/src/arrow/array/concatenate.cc,cpp/src/arrow/array/concatenate_test.cc,311,318,arrow-concatenate-test,success2
apache___arrow,eea4a54f66a36137f4204876a68e6d5ed913cbc5,ff80b30ea6424f21d15ca9511107a869a2f956b0,2022-10-20T21:42:37Z,Logic Organization: Wrong Function Call Sequence,D.2,bug,1,https://api.github.com/repos/apache/arrow/commits/eea4a54f66a36137f4204876a68e6d5ed913cbc5,cpp/src/arrow/adapters/orc/adapter.cc,cpp/src/arrow/adapters/orc/adapter_test.cc,411,417,arrow-orc-adapter-test,success2
apache___arrow,0b4fa2a2bf80bf3a91f9f8f42fe313f78b8a1282,a17717fa528bb7d495cfba5c6b5fb67866934a63,2020-09-21T13:00:22Z,Logic Organization: Improper Condition Organization,D.1,bug,1,https://api.github.com/repos/apache/arrow/commits/0b4fa2a2bf80bf3a91f9f8f42fe313f78b8a1282,cpp/src/arrow/table_builder.cc,cpp/src/arrow/table_builder_test.cc,62,68,arrow-table-test,success2
apache___arrow,db004443e631fd72c0fd9a16a02294cd14b456e5,51213261982799e9bd4b191ab961137cca6299e9,2022-12-05T14:36:05Z,Signature: Fault Input Type,A.2,bug,1,https://api.github.com/repos/apache/arrow/commits/db004443e631fd72c0fd9a16a02294cd14b456e5,cpp/src/arrow/dataset/partition.cc,cpp/src/arrow/dataset/partition_test.cc,780,786,arrow-dataset-partition-test,success2
apache___arrow,171e8bfe5fe13467a1763227e495fae6bc5d011d,04eb733d9f38ad2fdf61352aa955aa6200f23a7f,2020-09-24T09:48:20Z,Signature: Fault Input Type,A.2,bug,1,https://api.github.com/repos/apache/arrow/commits/171e8bfe5fe13467a1763227e495fae6bc5d011d,cpp/src/arrow/compute/kernels/vector_selection.cc,cpp/src/arrow/compute/kernels/vector_selection_test.cc,1171,1177,arrow-compute-vector-test,success2
apache___arrow,4a7e19e118907d0b1c7e1505697a5b74a541c9f7,58d5bf5053ee26b2b7f7bb26f1252467cd6b2ee6,2020-06-02T01:39:30Z,Signature: Incorrect Function Usage,A.1,bug,1,https://api.github.com/repos/apache/arrow/commits/4a7e19e118907d0b1c7e1505697a5b74a541c9f7,cpp/src/arrow/compute/function.h,cpp/src/arrow/compute/function_test.cc,60,66,arrow-compute-internals-test,success2
apache___arrow,3d0a9d58b6fe29dcb208c3fa244c789449517988,f40e2871919b577995a8e9e2419af2e494f574cb,2020-08-08T02:56:01Z,Memory Error: Uncontrolled Resource Consumption,C.2,bug,1,https://api.github.com/repos/apache/arrow/commits/3d0a9d58b6fe29dcb208c3fa244c789449517988,cpp/src/arrow/util/basic_decimal.h,cpp/src/arrow/util/decimal_test.cc,51,60,arrow-utility-test,success2
apache___arrow,c4f8436e2532524c2a2f9cc26f73c6b7dfababaa,18181fe3022d5142511f507fa3047796c627d88b,2020-08-17T14:27:46Z,Signature: Incorrect Function Return Value,A.3,bug,1,https://api.github.com/repos/apache/arrow/commits/c4f8436e2532524c2a2f9cc26f73c6b7dfababaa,cpp/src/arrow/compare.cc,cpp/src/arrow/array/array_test.cc,110,120,arrow-array-test,success2
apache___arrow,912e2bb3345536c271580e3a9e88baaffb7f2836,16638a445201e7bf61358c96a6e70ab81df8a001,2022-04-22T16:11:51Z,Sanitizer: Control Expression Error,B,bug,1,https://api.github.com/repos/apache/arrow/commits/912e2bb3345536c271580e3a9e88baaffb7f2836,cpp/src/arrow/dataset/dataset_writer.cc,cpp/src/arrow/dataset/dataset_writer_test.cc,423,429,arrow-dataset-dataset-writer-test,success2
awslabs___aws-c-common,3367d5d13173664bc5018f5405adfa4d395c87ce,cc67f311d124e90951f99133ce6eb2321dadf3ee,2018-09-14T17:43:44Z,Signature: Fault Input Type,A.2,bug,1,https://api.github.com/repos/awslabs/aws-c-common/commits/3367d5d13173664bc5018f5405adfa4d395c87ce,source/encoding.c,tests/encoding_test.c,264,270,base64_encoding_highbyte_string_test,success2
danmar___cppcheck,099b4435c38dd52ddb38e6b1706d9c988699c082,3930f2d6bc607ed6afd1511d65ef03e37ecca904,2017-05-24T09:16:41Z,Logic Organization: Improper Condition Organization,D.1,bug,1,https://api.github.com/repos/danmar/cppcheck/commits/099b4435c38dd52ddb38e6b1706d9c988699c082,lib/preprocessor.cpp,test/testpreprocessor.cpp,352,360,testrunner,success2
danmar___cppcheck,caa6ff7c2a6ef64df53e04701944aaa4712a1915,9a0303e0ae20b7d3c2dbd999421292ccc96222b5,2022-11-10T22:01:07Z,Sanitizer: Control Expression Error,B,bug,1,https://api.github.com/repos/danmar/cppcheck/commits/caa6ff7c2a6ef64df53e04701944aaa4712a1915,lib/analyzerinfo.cpp,test/testanalyzerinformation.cpp,120,126,TestAnalyzerInformation,success2
danmar___cppcheck,4996ec190ecf27a4bf018eb0dcd12e2a51fd550e,6c90de0101a9aa1e7f770190dcd5f34161095fb4,2020-07-07T22:02:39Z,Memory Error: Null Pointer Dereference,C.1,bug,1,https://api.github.com/repos/danmar/cppcheck/commits/4996ec190ecf27a4bf018eb0dcd12e2a51fd550e,lib/checkleakautovar.cpp,test/testleakautovar.cpp,856,862,TestLeakAutoVar,success2
danmar___cppcheck,d0b6079a832d5c156af1e51274e09f28ee8677a7,0093452bed30f27a8a63665ec1beb0a75935adbc,2021-08-10T07:38:28Z,Signature: Incorrect Variable Usage,A.4,bug,1,https://api.github.com/repos/danmar/cppcheck/commits/d0b6079a832d5c156af1e51274e09f28ee8677a7,lib/checkcondition.cpp,test/testcondition.cpp,1807,1813,TestCondition,success2
danmar___cppcheck,4ad90bf6f1cb0149c79324dff027cf8558c041c1,fa72ec20b26765a5fc3cefc9641fd8a92b8207c2,2021-05-24T15:02:19Z,Signature: Incorrect Variable Usage,A.4,bug,1,https://api.github.com/repos/danmar/cppcheck/commits/4ad90bf6f1cb0149c79324dff027cf8558c041c1,lib/checkuninitvar.cpp,test/testuninitvar.cpp,902,909,TestUninitVar,success2
danmar___cppcheck,2daf7f5430f11def5fd1d67598487369f97c42f4,34dd4935d974db3c9189a1c091776f63054cf9bb,2017-03-05T19:33:53Z,Sanitizer: Control Expression Error,B,bug,1,https://api.github.com/repos/danmar/cppcheck/commits/2daf7f5430f11def5fd1d67598487369f97c42f4,lib/preprocessor.cpp,test/testpreprocessor.cpp,615,621,testrunner,success2
danmar___cppcheck,46ac0d79c1036afb0c565e2bc330d9eb5ffa9eb1,5ac0b0e752378f825017a1ff9065a9305d38a08e,2019-09-21T12:59:54Z,Logic Organization: Wrong Function Call Sequence,D.2,bug,1,https://api.github.com/repos/danmar/cppcheck/commits/46ac0d79c1036afb0c565e2bc330d9eb5ffa9eb1,lib/checkleakautovar.cpp,test/testleakautovar.cpp,936,942,TestLeakAutoVar,success2
danmar___cppcheck,290563b9640505d140684587e5c21e887d510495,f72847530e9431a3042306e0748ddc90667d859c,2018-10-15T17:35:26Z,Sanitizer: Control Expression Error,B,bug,1,https://api.github.com/repos/danmar/cppcheck/commits/290563b9640505d140684587e5c21e887d510495,lib/templatesimplifier.cpp,test/testsimplifytemplate.cpp,1704,1711,testrunner,success2
danmar___cppcheck,0c6aabe4445f097539a5d1f2a73815e69ce3d52f,e26f717f59bd89b2ba2e9dd7721a439586e12366,2020-07-08T13:10:41Z,Sanitizer: Control Expression Error,B,bug,1,https://api.github.com/repos/danmar/cppcheck/commits/0c6aabe4445f097539a5d1f2a73815e69ce3d52f,lib/checkleakautovar.cpp,test/testleakautovar.cpp,856,862,TestLeakAutoVar,success2
danmar___cppcheck,53734a3da1dd394aee9398127692b0e38e9ffa9f,28b4d1a6b3fcde84b0f4b2ff5c150da53f1c437b,2020-12-28T09:50:42Z,Sanitizer: Control Expression Error,B,bug,1,https://api.github.com/repos/danmar/cppcheck/commits/53734a3da1dd394aee9398127692b0e38e9ffa9f,lib/valueflow.cpp,test/testautovariables.cpp,2742,2748,TestAutoVariables,success2
danmar___cppcheck,0c659a149953b9a67901a5b30259b7ef534bbaad,6d796b434ea4060c99995a01a9e6b5b90e04bb17,2020-06-09T06:16:53Z,Sanitizer: Control Expression Error,B,bug,1,https://api.github.com/repos/danmar/cppcheck/commits/0c659a149953b9a67901a5b30259b7ef534bbaad,lib/forwardanalyzer.cpp,test/testvalueflow.cpp,299,305,TestValueFlow,success2
danmar___cppcheck,68d77b73da0d86b8d18bf6fcbbf45e77a29a6b26,28b8bc57a87dbb3936d6554d204f0db85597a4b0,2017-05-07T07:03:58Z,Logic Organization: Improper Condition Organization,D.1,bug,1,https://api.github.com/repos/danmar/cppcheck/commits/68d77b73da0d86b8d18bf6fcbbf45e77a29a6b26,lib/symboldatabase.cpp,test/testsymboldatabase.cpp,1725,1731,testrunner,success2
danmar___cppcheck,797de4ef920dda5c569e5fd74e27731bc32053dd,65a6d4b45c37152e06a240bb8dd377e041ca1aa2,2021-07-16T17:08:08Z,Memory Error: Memory Overflow,C.3,bug,1,https://api.github.com/repos/danmar/cppcheck/commits/797de4ef920dda5c569e5fd74e27731bc32053dd,lib/checkcondition.cpp,test/testcondition.cpp,1806,1812,TestCondition,success2
danmar___cppcheck,0ee3f678b52d0203d4b84abf65e5cac92f26a553,c3244cb3599ab93bb0ed6fdc0bc83e9cfa3ec3d0,2019-02-20T14:28:31Z,Sanitizer: Control Expression Error,B,bug,1,https://api.github.com/repos/danmar/cppcheck/commits/0ee3f678b52d0203d4b84abf65e5cac92f26a553,lib/checkcondition.cpp,test/testcondition.cpp,1331,1337,testrunner,success2
danmar___cppcheck,26bd863d0a4c5499258c9672fbb945343c3901dd,4c62190e32d3a7b325329e5b8229821ef0865f24,2017-06-04T10:16:49Z,Signature: Incorrect Function Usage,A.1,bug,1,https://api.github.com/repos/danmar/cppcheck/commits/26bd863d0a4c5499258c9672fbb945343c3901dd,lib/tokenize.cpp,test/testtokenize.cpp,3805,3812,testrunner,success2
danmar___cppcheck,f5dbfce8ffb3132bb49a155527a620c98e61b4a1,d934065d218aa1e8cc91e06cdd41c3e9c42d13f8,2018-05-08T18:43:57Z,Sanitizer: Control Expression Error,B,bug,1,https://api.github.com/repos/danmar/cppcheck/commits/f5dbfce8ffb3132bb49a155527a620c98e61b4a1,lib/astutils.cpp,test/testother.cpp,367,373,testrunner,success2
danmar___cppcheck,3f1e2b42700a1eb1466d4200eb87265defd962f6,4e28d40bf091cb0aa5d277521df97af54e6c3b98,2017-02-24T19:56:47Z,Sanitizer: Control Expression Error,B,bug,1,https://api.github.com/repos/danmar/cppcheck/commits/3f1e2b42700a1eb1466d4200eb87265defd962f6,lib/symboldatabase.cpp,test/testsymboldatabase.cpp,3900,3909,testrunner,success2
danmar___cppcheck,43e4364675d4d47125b0d919039ba73dd4f6376e,6c1096bf715e624e788a7989fe936d0bdc403cec,2017-03-05T15:46:43Z,Sanitizer: Control Expression Error,B,bug,1,https://api.github.com/repos/danmar/cppcheck/commits/43e4364675d4d47125b0d919039ba73dd4f6376e,lib/preprocessor.cpp,test/testpreprocessor.cpp,615,621,testrunner,success2
danmar___cppcheck,6a81b4c17c87241c6f205e9d47ebc9b5af7f0f38,9d51b4450b676264ddba49935fc4f58f429a291a,2021-07-30T13:52:00Z,Signature: Incorrect Function Usage,A.1,bug,1,https://api.github.com/repos/danmar/cppcheck/commits/6a81b4c17c87241c6f205e9d47ebc9b5af7f0f38,lib/valueflow.cpp,test/teststl.cpp,3515,3527,TestStl,success2
danmar___cppcheck,6f2879a59b2c71b1fdb472471412c4b73184fea0,ad2f71338cb34fbca1a83ab53a5db171a66ea0f0,2019-12-11T08:07:18Z,Sanitizer: Control Expression Error,B,bug,1,https://api.github.com/repos/danmar/cppcheck/commits/6f2879a59b2c71b1fdb472471412c4b73184fea0,lib/errorlogger.cpp,test/testerrorlogger.cpp,564,570,TestErrorLogger,success2
danmar___cppcheck,c4dcfef38564e97442fb6c122f5e67c908e0c665,3ba69145635a4ff01d4cec65a0293f5b8ccd13b0,2022-04-05T13:52:16Z,Sanitizer: Control Expression Error,B,bug,1,https://api.github.com/repos/danmar/cppcheck/commits/c4dcfef38564e97442fb6c122f5e67c908e0c665,lib/tokenize.cpp,test/testsymboldatabase.cpp,2130,2136,TestSymbolDatabase,success2
danmar___cppcheck,81a1d744c6e9d13f2fac894c380caafb270741df,67e8b99c2c52956c66895c4b61b9a2f2e037125e,2019-03-13T05:39:09Z,Sanitizer: Control Expression Error,B,bug,1,https://api.github.com/repos/danmar/cppcheck/commits/81a1d744c6e9d13f2fac894c380caafb270741df,lib/checkbufferoverrun.cpp,test/testbufferoverrun.cpp,188,194,testrunner,success2
danmar___cppcheck,4779f0e1725c5807b329798e12dbeaddbf568b65,5804cc44e71d132c85e496e5653bd77e38aedf32,2022-09-01T18:24:01Z,Sanitizer: Control Expression Error,B,bug,1,https://api.github.com/repos/danmar/cppcheck/commits/4779f0e1725c5807b329798e12dbeaddbf568b65,lib/templatesimplifier.cpp,test/testsimplifytemplate.cpp,2966,2972,TestThreadExecutor; TestSimplifyTemplate; TestProcessExecutor,success2
danmar___cppcheck,f1169bf2b43fc1beab0da21e430adaa0a7a9eb49,30fbded4060ef7c61a733fd0e8443c85232287d0,2020-12-27T09:14:46Z,Logic Organization: Improper Condition Organization,D.1,bug,1,https://api.github.com/repos/danmar/cppcheck/commits/f1169bf2b43fc1beab0da21e430adaa0a7a9eb49,lib/reverseanalyzer.cpp,test/testnullpointer.cpp,177,183,TestNullPointer,success2
danmar___cppcheck,d909ac856569e39cb2f53b158c6246ac82d461b7,ba0a75881ab4c0539fbb83d3be5c9f677dc7e40d,2019-06-16T14:02:27Z,Memory Error: Uncontrolled Resource Consumption,C.2,bug,1,https://api.github.com/repos/danmar/cppcheck/commits/d909ac856569e39cb2f53b158c6246ac82d461b7,lib/valueflow.cpp,test/testvalueflow.cpp,5329,5335,testrunner,success2
danmar___cppcheck,a0c37ceba27179496fa2f44072f85e2a5448216e,d30f42e0da85ef23cd5efb46225a8be29b90b5f8,2021-08-21T19:17:05Z,Signature: Incorrect Variable Usage,A.4,bug,1,https://api.github.com/repos/danmar/cppcheck/commits/a0c37ceba27179496fa2f44072f85e2a5448216e,lib/valueflow.cpp,test/testcondition.cpp,4545,4558,TestCondition,success2
danmar___cppcheck,272760f9cac187bd16ab4a596a0cab870ceb42be,315a093e185613d85b71d580f3d0b5e106e215de,2019-04-23T08:46:22Z,Signature: Fault Input Type,A.2,bug,1,https://api.github.com/repos/danmar/cppcheck/commits/272760f9cac187bd16ab4a596a0cab870ceb42be,lib/checkclass.cpp,test/testclass.cpp,273,279,testrunner,success2
danmar___cppcheck,398fa280213771a0fa7a649a54dd6e6625d48e20,ac4f4258a00dd15ddf1816e711a44a085512f714,2021-12-16T21:34:51Z,Signature: Incorrect Variable Usage,A.4,bug,1,https://api.github.com/repos/danmar/cppcheck/commits/398fa280213771a0fa7a649a54dd6e6625d48e20,lib/valueflow.cpp,test/teststl.cpp,7188,7194,TestStl,success2
danmar___cppcheck,d2284ddbcd2a70b4a39047ae32b1c5662060407f,534659e5968f907c54a829738efe65a129b2c648,2019-07-14T14:20:45Z,Sanitizer: Control Expression Error,B,bug,1,https://api.github.com/repos/danmar/cppcheck/commits/d2284ddbcd2a70b4a39047ae32b1c5662060407f,lib/checkunusedvar.cpp,test/testunusedvar.cpp,1131,1137,testrunner,success2
danmar___cppcheck,fd3cb2497364d350632c288ce3771738499f718e,c0a8d628b98ff0b65a02e603c496020edb7a0e82,2019-08-23T04:33:00Z,Logic Organization: Wrong Function Call Sequence,D.2,bug,1,https://api.github.com/repos/danmar/cppcheck/commits/fd3cb2497364d350632c288ce3771738499f718e,lib/checkmemoryleak.cpp,test/testmemleak.cpp,1000,1022,testrunner,success2
danmar___cppcheck,192c30ab1d3ec97ae7c6955d8953fac133b8e4ff,49f1282ce13081ccf2e423e436926f867e5fe62d,2022-10-19T17:19:01Z,Memory Error: Uncontrolled Resource Consumption,C.2,bug,1,https://api.github.com/repos/danmar/cppcheck/commits/192c30ab1d3ec97ae7c6955d8953fac133b8e4ff,lib/tokenize.cpp,test/testtokenize.cpp,3161,3167,TestTokenizer; TestThreadExecutor,success2
danmar___cppcheck,ea2916a3e49934d482cd9b30b520c7873db4de82,56e17fb2287fef9b9ef4c5511975aaf0487d6db2,2019-12-07T20:16:25Z,Sanitizer: Control Expression Error,B,bug,1,https://api.github.com/repos/danmar/cppcheck/commits/ea2916a3e49934d482cd9b30b520c7873db4de82,lib/tokenlist.cpp,test/testtokenize.cpp,883,889,TestTokenizer,success2
facebook___rocksdb,cc8ded6152c51ac853d2915273eed3e6f9af029b,fbfcf5cbcd3b09b6de0924d3c52a744a626135c0,2022-08-02T02:49:05Z,Signature: Incorrect Function Return Value,A.3,bug,1,https://api.github.com/repos/facebook/rocksdb/commits/cc8ded6152c51ac853d2915273eed3e6f9af029b,db/compaction/compaction_iterator.cc,db/blob/db_blob_compaction_test.cc,1284,1290,DBBlobCompactionTest.CompactionDoNotFillCache,success2
facebook___rocksdb,b87c355772c0e1a643cbbd9799809d376073a6fe,57a0e2f304bcbdf541d7d49fa9093035f6bbd25d,2022-06-30T17:16:03Z,Sanitizer: Control Expression Error,B,bug,1,https://api.github.com/repos/facebook/rocksdb/commits/b87c355772c0e1a643cbbd9799809d376073a6fe,db/db_iter.cc,db/db_with_timestamp_basic_test.cc,1612,1618,DBBasicTestWithTimestamp.SimpleBackwardIterateLowerTsBound,success2
facebook___rocksdb,1d2950b8dd38009d0719e4a857f5a42bb1bc9675,d665afdbf30d8038d98e4333346fa4a5e83c0d21,2022-06-14T20:20:54Z,Sanitizer: Control Expression Error,B,bug,1,https://api.github.com/repos/facebook/rocksdb/commits/1d2950b8dd38009d0719e4a857f5a42bb1bc9675,options/options_parser.cc,options/options_test.cc,453,464,OptionsParserTest.DumpAndParse,success2
fmtlib___fmt,6a1346405949ca1cf5befc5e83c6c66c86e4f9d1,70de324aa801eaf52e94c402d526a3849797c620,2022-02-17T00:57:06Z,Sanitizer: Control Expression Error,B,bug,1,https://api.github.com/repos/fmtlib/fmt/commits/6a1346405949ca1cf5befc5e83c6c66c86e4f9d1,include/fmt/core.h,test/format-test.cc,2819,2825,format-test,success2
fmtlib___fmt,611cf0b3c644d33b9d347b824bf06bd594bfa564,58a8f2f539cda653b8ee9e038507f221fed13b4e,2019-09-06T14:03:47Z,Sanitizer: Control Expression Error,B,bug,1,https://api.github.com/repos/fmtlib/fmt/commits/611cf0b3c644d33b9d347b824bf06bd594bfa564,include/fmt/format.h,test/format-test.cc,1441,1447,format-test,success2
fmtlib___fmt,287eaab3b2777daa5d0d0cf72d977196ba54efb7,a97757736b8e4cf7ae5a911b9455fdcbae76563a,2019-02-26T22:16:34Z,Logic Organization: Improper Condition Organization,D.1,bug,1,https://api.github.com/repos/fmtlib/fmt/commits/287eaab3b2777daa5d0d0cf72d977196ba54efb7,include/fmt/format.h,test/format-test.cc,2755,2764,format-test,success2
fmtlib___fmt,0cc73ebf79ec39ba74f3d31a76c0acb2df824908,33efc3c94fb8eea56dbf6067d7957a8cee0c9a8d,2020-08-06T14:38:18Z,Signature: Incorrect Function Return Value,A.3,bug,1,https://api.github.com/repos/fmtlib/fmt/commits/0cc73ebf79ec39ba74f3d31a76c0acb2df824908,include/fmt/core.h,test/format-test.cc,1713,1719,format-test,success2
fmtlib___fmt,fc6e0fe992156935bfb66bb2121c62ee8446758e,6322b47e60de9849f469348df307dc50d65c127f,2018-06-07T16:41:40Z,Signature: Fault Input Type,A.2,bug,1,https://api.github.com/repos/fmtlib/fmt/commits/fc6e0fe992156935bfb66bb2121c62ee8446758e,include/fmt/format.h,test/format-test.cc,2927,2933,format-test,success2
fmtlib___fmt,96c18b26c28bbdb8305b79be4eacfb28ee4aa872,981b517ccf2d91bf3bf52c518ac43710b57b5e17,2020-05-15T13:45:51Z,Logic Organization: Improper Condition Organization,D.1,bug,1,https://api.github.com/repos/fmtlib/fmt/commits/96c18b26c28bbdb8305b79be4eacfb28ee4aa872,include/fmt/printf.h,test/printf-test.cc,257,263,printf-test,success2
fmtlib___fmt,279d698e1b37f3f0a9b5c21b12198894d31c381d,76cfb50b2d8df5b0193744091f2bc3c8b4f87eaa,2020-08-03T17:51:42Z,Logic Organization: Wrong Function Call Sequence,D.2,bug,1,https://api.github.com/repos/fmtlib/fmt/commits/279d698e1b37f3f0a9b5c21b12198894d31c381d,include/fmt/format.h,test/locale-test.cc,1613,1620,locale-test,success2
fmtlib___fmt,c1d430e61ab306e0e1d454fea6e07b4f66667a65,38a85502ed824d34a751ab4a122005a9d4454fd3,2019-05-05T00:52:20Z,Logic Organization: Wrong Function Call Sequence,D.2,bug,1,https://api.github.com/repos/fmtlib/fmt/commits/c1d430e61ab306e0e1d454fea6e07b4f66667a65,include/fmt/chrono.h,test/chrono-test.cc,430,440,chrono-test,success2
fmtlib___fmt,cd7202e0399677942a5428a7db9dec1d3c8b5c45,51d3685efe0eb8a44656f9fd5dac6a04f4e58259,2022-10-16T21:04:55Z,Memory Error: Memory Overflow,C.3,bug,1,https://api.github.com/repos/fmtlib/fmt/commits/cd7202e0399677942a5428a7db9dec1d3c8b5c45,include/fmt/chrono.h,test/chrono-test.cc,1838,1844,chrono-test,success2
fmtlib___fmt,971fb584c3ea548c12dcfa813b0bafb94e1c0fde,7cea16380939074d00df0aa30ccdea07de6a9497,2017-12-09T16:15:13Z,Logic Organization: Improper Condition Organization,D.1,bug,1,https://api.github.com/repos/fmtlib/fmt/commits/971fb584c3ea548c12dcfa813b0bafb94e1c0fde,include/fmt/format.h,test/format-test.cc,3001,3012,format-test,success2
fmtlib___fmt,e6b37b4aff1a673cb735b9b287aa637142120f6d,8cf4c52068054661a9b2fdeae5b2baa25fc9d175,2019-12-22T00:33:34Z,Memory Error: Memory Overflow,C.3,bug,1,https://api.github.com/repos/fmtlib/fmt/commits/e6b37b4aff1a673cb735b9b287aa637142120f6d,include/fmt/format-inl.h,test/format-test.cc,1292,1300,format-test,success2
fmtlib___fmt,6b7bfed40c559c06d2a4e074427dbc24819bd447,bcab36da3f593270fe41f1d490bc06091dc02eba,2020-11-04T03:19:10Z,Signature: Incorrect Variable Usage,A.4,bug,1,https://api.github.com/repos/fmtlib/fmt/commits/6b7bfed40c559c06d2a4e074427dbc24819bd447,include/fmt/format-inl.h,test/format-test.cc,2332,2338,format-test,success2
fmtlib___fmt,c04fb91b03cb6480c4a39b214efb6b05e452b20c,323b92bffef75c9cf99dd8666bfc2f7e11fb8cb0,2018-07-04T14:40:56Z,Signature: Incorrect Function Return Value,A.3,bug,1,https://api.github.com/repos/fmtlib/fmt/commits/c04fb91b03cb6480c4a39b214efb6b05e452b20c,include/fmt/format.h,test/format-test.cc,3216,3224,format-test,success2
fmtlib___fmt,2b7a146fa1f91ee3d7ebc6a782663185543bc373,89d0c7124bc7330e90712f9b1fa9824a0fa8303a,2020-07-29T14:04:11Z,Sanitizer: Control Expression Error,B,bug,1,https://api.github.com/repos/fmtlib/fmt/commits/2b7a146fa1f91ee3d7ebc6a782663185543bc373,include/fmt/format.h,test/locale-test.cc,1559,1565,locale-test,success2
libevent___libevent,445027a5dcfe0acce431b7d4065d2ac1f6b270d7,70daa93a514075eb0102eec4c6e5002b114264a9,2019-08-22 16:36:12 -0400,Logic Organization: Wrong Function Call Sequence,D.2,bug,1,https://api.github.com/repos/libevent/libevent/commits/445027a5dcfe0acce431b7d4065d2ac1f6b270d7,event.c,test/regress_finalize.c,1728,1735,regress__SELECT_debug; regress__timerfd_EPOLL; regress__POLL_debug; regress__timerfd_changelist_EPOLL_debug; regress__SELECT; regress__changelist_EPOLL; regress__changelist_EPOLL_debug; regress__POLL; regress__timerfd_changelist_EPOLL; regress__timerfd_EPOLL_debug,success2
libevent___libevent,4da9f87ccbe71edb3b3aaf74b8b64d7e9c41dcaf,968bbd5c918568eb95b493af05c464ddfc36671b,2020-02-27 16:59:45 +0300,Logic Organization: Improper Condition Organization,D.1,bug,1,https://api.github.com/repos/libevent/libevent/commits/4da9f87ccbe71edb3b3aaf74b8b64d7e9c41dcaf,evdns.c,test/regress_dns.c,4106,4123,regress__SELECT_debug; regress__POLL_debug; regress__SELECT; regress__changelist_EPOLL; regress__changelist_EPOLL_debug,success2
libevent___libevent,972b456bf60e9a2f550ec45a14921c06e252c793,c10cde4c617979e951352775a9685a47bf9c6acd,2020-05-05 00:21:18 +0300,Logic Organization: Improper Condition Organization,D.1,bug,1,https://api.github.com/repos/libevent/libevent/commits/972b456bf60e9a2f550ec45a14921c06e252c793,epoll.c,test/regress.c,487,493,regress__timerfd_EPOLL; regress__timerfd_changelist_EPOLL_debug; regress__changelist_EPOLL; regress__changelist_EPOLL_debug; regress__timerfd_changelist_EPOLL; regress__timerfd_EPOLL_debug,success2
llvm___llvm-project,545a9b0f51d105041b472f8649a8179550576c72,fa58e5e111d97c63886df3ca1d5a0af3f221e45e,2014-12-07 17:56:16 +0000,Signature: Incorrect Function Return Value,A.3,bug,1,https://api.github.com/repos/llvm/llvm-project.git/commits/545a9b0f51d105041b472f8649a8179550576c72,llvm/lib/AsmParser/LLParser.cpp,llvm/test/Assembler/functionlocal-metadata-attachments.ll; llvm/test/Assembler/functionlocal-metadata-complex-1.ll; llvm/test/Assembler/functionlocal-metadata-complex-2.ll; llvm/test/Assembler/functionlocal-metadata-complex-3.ll; llvm/test/Bitcode/function-local-metadata.ll; llvm/test/Bitcode/function-local-metadata.ll.bc,1532,1538,llvm/test/Assembler/functionlocal-metadata-attachments.ll,success2
llvm___llvm-project,27de9b0f7001d3da9423e3e9b7b17565a38c1b51,c02393604bc898100e4c2f2b8b01074f28c81432,2014-12-08 18:18:32 +0000,Sanitizer: Control Expression Error,B,bug,1,https://api.github.com/repos/llvm/llvm-project.git/commits/27de9b0f7001d3da9423e3e9b7b17565a38c1b51,llvm/lib/Target/X86/MCTargetDesc/X86AsmBackend.cpp,llvm/test/CodeGen/X86/compact-unwind.ll; llvm/test/CodeGen/X86/no-compact-unwind.ll; llvm/test/MC/X86/compact-unwind.s,682,688,llvm/test/CodeGen/X86/compact-unwind.ll,success2
llvm___llvm-project,f379a6c684d47484fb1a0e47df4321fee21f4f6e,03a04a58ea4a1200ce6773735f44c2d26e4d88a5,2016-04-24 15:05:04 +0000,Memory Error: Uncontrolled Resource Consumption,C.2,bug,1,https://api.github.com/repos/llvm/llvm-project.git/commits/f379a6c684d47484fb1a0e47df4321fee21f4f6e,llvm/lib/Target/X86/Utils/X86ShuffleDecode.cpp,llvm/test/CodeGen/X86/vector-shuffle-combining-xop.ll,367,373,llvm/test/CodeGen/X86/vector-shuffle-combining-xop.ll,success2
llvm___llvm-project,93035c8f47589590b65041603524f48a7c007e1f,1858c664de64fc8829bf09571aa82f6f4cea49b9,2016-04-24 22:23:13 +0000,Logic Organization: Improper Condition Organization,D.1,bug,1,https://api.github.com/repos/llvm/llvm-project.git/commits/93035c8f47589590b65041603524f48a7c007e1f,llvm/lib/IR/Verifier.cpp,llvm/test/DebugInfo/X86/arange-and-stub.ll; llvm/test/DebugInfo/X86/dbg-declare-arg.ll; llvm/test/Verifier/callsite-dbgloc.ll,2579,2584,llvm/test/Verifier/callsite-dbgloc.ll,success2
llvm___llvm-project,0c3518e84b668975df03ac8b9620d7bf181bd349,0a7c9d110c9e755c535741d42dfc4c266e3aee7b,2016-05-04 15:40:57 +0000,Signature: Incorrect Variable Usage,A.4,bug,1,https://api.github.com/repos/llvm/llvm-project.git/commits/0c3518e84b668975df03ac8b9620d7bf181bd349,llvm/lib/Transforms/Utils/SimplifyCFG.cpp,llvm/test/Transforms/SimplifyCFG/PR27615-simplify-cond-br.ll,1448,1457,llvm/test/Transforms/SimplifyCFG/PR27615-simplify-cond-br.ll,success2
llvm___llvm-project,ee20294af55e73f12829aefd0b6519cf81efe93d,45533b4060c781a7925faec9f9a933e568e0480b,2016-05-11 15:45:43 +0000,Sanitizer: Control Expression Error,B,bug,1,https://api.github.com/repos/llvm/llvm-project.git/commits/ee20294af55e73f12829aefd0b6519cf81efe93d,llvm/lib/Analysis/BasicAliasAnalysis.cpp,llvm/test/Analysis/BasicAA/struct-geps.ll,847,853,llvm/test/Analysis/BasicAA/struct-geps.ll,success2
llvm___llvm-project,f28beac4196167b0ca6184625bece102b0589b03,e9fa3585c5929b1c5646140a5cce3f096ca64d1f,2016-05-13 16:52:24 +0000,Memory Error: Uncontrolled Resource Consumption,C.2,bug,1,https://api.github.com/repos/llvm/llvm-project.git/commits/f28beac4196167b0ca6184625bece102b0589b03,llvm/lib/Transforms/Scalar/MemCpyOptimizer.cpp,llvm/test/Transforms/MemCpyOpt/profitable-memset.ll,185,191,llvm/test/Transforms/MemCpyOpt/profitable-memset.ll,success2
llvm___llvm-project,0c8f3f9332929b12c0f81dcf07169c1869098c3b,27dba61ff313d68c9c3dcb2ea3f769477a8b789e,2016-05-13 17:28:12 +0000,Sanitizer: Control Expression Error,B,bug,1,https://api.github.com/repos/llvm/llvm-project.git/commits/0c8f3f9332929b12c0f81dcf07169c1869098c3b,llvm/lib/Transforms/InstCombine/InstCombineCompares.cpp,llvm/test/Transforms/InstCombine/icmp-vec.ll,3130,3137,llvm/test/Transforms/InstCombine/icmp-vec.ll,success2
llvm___llvm-project,e7d833defb62c1e4a1944cbad740f540c0ab44d2,85df931dea607ef0c411ce6c01fe60afb5aa8d6a,2016-05-16 22:45:10 +0000,Logic Organization: Improper Condition Organization,D.1,bug,1,https://api.github.com/repos/llvm/llvm-project.git/commits/e7d833defb62c1e4a1944cbad740f540c0ab44d2,llvm/lib/CodeGen/AsmPrinter/DwarfUnit.cpp,llvm/test/DebugInfo/X86/bitfields-dwarf4.ll,1393,1399,llvm/test/DebugInfo/X86/bitfields-dwarf4.ll,success2
llvm___llvm-project,7aa34c8cbb7f81737666d08217769d6ef81181d5,e4a5d37d6bed0fc503099c64ea6c65761cbb6518,2016-05-17 02:37:53 +0000,Sanitizer: Control Expression Error,B,bug,1,https://api.github.com/repos/llvm/llvm-project.git/commits/7aa34c8cbb7f81737666d08217769d6ef81181d5,llvm/lib/CodeGen/AsmPrinter/DwarfUnit.cpp,llvm/test/DebugInfo/ARM/big-endian-bitfield.ll; llvm/test/DebugInfo/X86/bitfields-dwarf4.ll,1390,1434,llvm/test/DebugInfo/X86/bitfields-dwarf4.ll,success2
llvm___llvm-project,7008ce3f989105a667eab5f34f7ba6fcdc1ba3d8,fd7ddf1479f1f401a8159d37e6058273f67b20c8,2016-06-02 16:33:41 +0000,Signature: Incorrect Function Return Value,A.3,bug,1,https://api.github.com/repos/llvm/llvm-project.git/commits/7008ce3f989105a667eab5f34f7ba6fcdc1ba3d8,llvm/lib/Transforms/Instrumentation/InstrProfiling.cpp,llvm/test/Instrumentation/InstrProfiling/PR23499.ll; llvm/test/Transforms/PGOProfile/indirect_call_profile.ll,258,264,llvm/test/Transforms/PGOProfile/indirect_call_profile.ll,success2
llvm___llvm-project,ea8a2111690ab56450f7ab3cedcbcdbae17a87aa,2ead861d074da501e5f6c5dca75324c86fbabb64,2016-06-04 22:04:05 +0000,Signature: Fault Input Type,A.2,bug,1,https://api.github.com/repos/llvm/llvm-project.git/commits/ea8a2111690ab56450f7ab3cedcbcdbae17a87aa,llvm/lib/Transforms/InstCombine/InstCombineCompares.cpp,llvm/test/Transforms/InstCombine/cast.ll; llvm/test/Transforms/InstCombine/signed-comparison.ll,2439,2445,llvm/test/Transforms/InstCombine/cast.ll; llvm/test/Transforms/InstCombine/signed-comparison.ll,success2
llvm___llvm-project,4a697c312f901a3a1ec92e24c91cefd64f6b4346,577be0fed36f4d26e767a39a7838c63e90574e13,2016-06-15 00:19:56 +0000,Logic Organization: Improper Condition Organization,D.1,bug,1,https://api.github.com/repos/llvm/llvm-project.git/commits/4a697c312f901a3a1ec92e24c91cefd64f6b4346,llvm/lib/Transforms/Scalar/LoopUnrollPass.cpp,llvm/test/Transforms/LoopUnroll/pr28132.ll,922,927,llvm/test/Transforms/LoopUnroll/pr28132.ll,success2
llvm___llvm-project,596a3bd9ece335303c14cd3d33cbc4cb1717db88,e766a87b0170fe9a1ecc1a776fef43bf27aa1294,2016-06-30 15:32:20 +0000,Logic Organization: Improper Condition Organization,D.1,bug,1,https://api.github.com/repos/llvm/llvm-project.git/commits/596a3bd9ece335303c14cd3d33cbc4cb1717db88,llvm/lib/Transforms/Scalar/DeadStoreElimination.cpp,llvm/test/Transforms/DeadStoreElimination/combined-partial-overwrites.ll,385,402,llvm/test/Transforms/DeadStoreElimination/combined-partial-overwrites.ll,success2
llvm___llvm-project,c1fa163392f52d2119dec645f4f127ef79b83310,2a185a2547caccd5e969e2c5e704ee9733aaa2fc,2016-07-21 12:37:07 +0000,Logic Organization: Improper Condition Organization,D.1,bug,1,https://api.github.com/repos/llvm/llvm-project.git/commits/c1fa163392f52d2119dec645f4f127ef79b83310,llvm/lib/CodeGen/ExecutionDepsFix.cpp,llvm/test/CodeGen/X86/break-false-dep.ll,520,527,llvm/test/CodeGen/X86/break-false-dep.ll,success2
llvm___llvm-project,b53b62eb69cd5768423786c5ced700bc2d1d2e20,1fbaf535d6a4555a751d1285889a7a1f52dfafc5,2016-09-16 00:38:18 +0000,Signature: Incorrect Variable Usage,A.4,bug,1,https://api.github.com/repos/llvm/llvm-project.git/commits/b53b62eb69cd5768423786c5ced700bc2d1d2e20,llvm/lib/IR/AutoUpgrade.cpp,llvm/test/Bitcode/upgrade-module-flag.ll; llvm/test/Linker/Inputs/objectivec-class-property-flag-mismatch.ll; llvm/test/Linker/objectivec-class-property-flag-mismatch.ll,1587,1597,llvm/test/Linker/Inputs/objectivec-class-property-flag-mismatch.ll; llvm/test/Linker/objectivec-class-property-flag-mismatch.ll; llvm/test/Bitcode/upgrade-module-flag.ll,success2
llvm___llvm-project,0efb96a8ee1b57c39fb732a098f88b3410fc4aeb,63014581aad3a4ac37d2f53674a46dcae5b34f09,2016-09-19 08:23:08 +0000,Logic Organization: Improper Condition Organization,D.1,bug,1,https://api.github.com/repos/llvm/llvm-project.git/commits/0efb96a8ee1b57c39fb732a098f88b3410fc4aeb,llvm/lib/Transforms/Utils/SimplifyCFG.cpp,llvm/test/Transforms/SimplifyCFG/sink-common-code.ll,1527,1536,llvm/test/Transforms/SimplifyCFG/sink-common-code.ll,success2
llvm___llvm-project,fd0d7b21e0b974dcb8ee6257ae4ef4fa7398e80b,6ce45e0840bed276887787749ee7f83fbec65ab9,2016-10-12 10:20:15 +0000,Logic Organization: Improper Condition Organization,D.1,bug,1,https://api.github.com/repos/llvm/llvm-project.git/commits/fd0d7b21e0b974dcb8ee6257ae4ef4fa7398e80b,llvm/lib/Transforms/InstCombine/InstructionCombining.cpp,llvm/test/Transforms/InstCombine/switch-constant-expr.ll,2271,2296,llvm/test/Transforms/InstCombine/switch-constant-expr.ll,success2
llvm___llvm-project,89af112cf590e76fbb1fd964086a3882b7f935f9,be707f2930ceceb001557834b0e6940a5a81ce7b,2017-09-13 21:54:20 +0000,Memory Error: Uncontrolled Resource Consumption,C.2,bug,1,https://api.github.com/repos/llvm/llvm-project.git/commits/89af112cf590e76fbb1fd964086a3882b7f935f9,llvm/lib/CodeGen/AsmPrinter/CodeViewDebug.cpp,llvm/test/DebugInfo/COFF/types-array-advanced.ll; llvm/test/DebugInfo/COFF/types-array-unsized.ll,1277,1287,llvm/test/DebugInfo/COFF/types-array-unsized.ll; llvm/test/DebugInfo/COFF/types-array-advanced.ll,success2
llvm___llvm-project,01fd7c8bd4fb3385215bff758b0bf68f179e842b,0fd7c5ccd6a15198c0cce4e8b83728ede7b7c7e4,2017-09-14 07:08:23 +0000,Signature: Incorrect Variable Usage,A.4,bug,1,https://api.github.com/repos/llvm/llvm-project.git/commits/01fd7c8bd4fb3385215bff758b0bf68f179e842b,llvm/lib/CodeGen/AsmPrinter/AsmPrinter.cpp,llvm/test/CodeGen/Mips/xray-section-group.ll; llvm/test/CodeGen/PowerPC/xray-attribute-instrumentation.ll; llvm/test/CodeGen/X86/xray-section-group.ll; llvm/test/DebugInfo/X86/xray-split-dwarf-interaction.ll,2785,2791,llvm/test/CodeGen/X86/xray-section-group.ll,success2
llvm___llvm-project,7fdaa5e64114bd5b614cff87bc350e4358b95200,21a2aa72037649bfd64bda08706c06fb3fc0e9b7,2017-09-19 21:55:51 +0000,Sanitizer: Control Expression Error,B,bug,1,https://api.github.com/repos/llvm/llvm-project.git/commits/7fdaa5e64114bd5b614cff87bc350e4358b95200,llvm/lib/CodeGen/MIRPrinter.cpp,llvm/test/CodeGen/MIR/X86/unreachable_block.ll,598,605,llvm/test/CodeGen/MIR/X86/unreachable_block.ll,success2
llvm___llvm-project,17b0c78447e094e8465abc5dfb3a491f02521647,902eef32ebd1f272d54e0eb615f3c1e427a04b0b,2017-10-05 07:59:11 +0000,Signature: Incorrect Function Usage,A.1,bug,1,https://api.github.com/repos/llvm/llvm-project.git/commits/17b0c78447e094e8465abc5dfb3a491f02521647,llvm/lib/Transforms/InstCombine/InstCombineCasts.cpp,llvm/test/Transforms/InstCombine/div.ll,818,826,llvm/test/Transforms/InstCombine/div.ll,success2
llvm___llvm-project,77d90b0c39f079b8871c39772a5bad8b8bfac322,bcf7f290ffc57ae6bc4ff7a14bbf90b83b47844c,2017-11-28 21:30:38 +0000,Logic Organization: Improper Condition Organization,D.1,bug,1,https://api.github.com/repos/llvm/llvm-project.git/commits/77d90b0c39f079b8871c39772a5bad8b8bfac322,llvm/lib/Transforms/Scalar/SROA.cpp,llvm/test/DebugInfo/Generic/sroa-larger.ll,4134,4139,llvm/test/DebugInfo/Generic/sroa-larger.ll,success2
llvm___llvm-project,f3cefdd3505ebba0bd2c1625228033f2d3745564,98495291a7f236d356d851509adb7d7b4fd530ff,2017-12-05 09:08:24 +0000,Sanitizer: Control Expression Error,B,bug,1,https://api.github.com/repos/llvm/llvm-project.git/commits/f3cefdd3505ebba0bd2c1625228033f2d3745564,llvm/lib/Target/X86/X86DomainReassignment.cpp,llvm/test/CodeGen/X86/gpr-to-mask.ll,70,82,llvm/test/CodeGen/X86/gpr-to-mask.ll,success2
llvm___llvm-project,b69e5b739352d75f8adce23c3230e3be304ad89a,cf1773826fd815bf1c8ddc964f4c9f1b5b47b978,2018-02-02 10:34:13 +0000,Signature: Incorrect Function Usage,A.1,bug,1,https://api.github.com/repos/llvm/llvm-project.git/commits/b69e5b739352d75f8adce23c3230e3be304ad89a,llvm/lib/Transforms/IPO/GlobalOpt.cpp,llvm/test/DebugInfo/X86/global-sra-fp80-array.ll; llvm/test/DebugInfo/X86/global-sra-fp80-struct.ll,526,544,llvm/test/DebugInfo/X86/global-sra-fp80-array.ll; llvm/test/DebugInfo/X86/global-sra-fp80-struct.ll,success2
llvm___llvm-project,ccfa5257a659cf1f54dd3f8518c8c42218369c41,75c649c96029a540466010525c36b5f20df25f2f,2018-03-01 00:08:38 +0000,Sanitizer: Control Expression Error,B,bug,1,https://api.github.com/repos/llvm/llvm-project.git/commits/ccfa5257a659cf1f54dd3f8518c8c42218369c41,llvm/lib/Target/X86/X86ISelLowering.cpp,llvm/test/CodeGen/X86/pr36553.ll,35737,35743,llvm/test/CodeGen/X86/pr36553.ll,success2
llvm___llvm-project,57feeed3076137da48c43010130eddbb8e81cb54,4925653555942acbafbb936ccf81cc6e5b384868,2018-03-02 17:46:39 +0000,Logic Organization: Improper Condition Organization,D.1,bug,1,https://api.github.com/repos/llvm/llvm-project.git/commits/57feeed3076137da48c43010130eddbb8e81cb54,llvm/lib/Target/X86/X86FrameLowering.cpp,llvm/test/CodeGen/X86/x86-64-baseptr.ll,2108,2115,llvm/test/CodeGen/X86/x86-64-baseptr.ll,success2
llvm___llvm-project,e4ec473b3ff94ecec6fe2c828770a124b139e1a5,201a1086cf3ca3dfa949b26087a5b05610e66f8e,2018-04-27 20:44:01 +0000,Signature: Incorrect Function Return Value,A.3,bug,1,https://api.github.com/repos/llvm/llvm-project.git/commits/e4ec473b3ff94ecec6fe2c828770a124b139e1a5,llvm/lib/Analysis/MustExecute.cpp,llvm/test/Transforms/LICM/preheader-safe.ll,109,116,llvm/test/Transforms/LICM/preheader-safe.ll,success2
llvm___llvm-project,4f799c027e09dafa0d1188509b256f75da3609a5,c47f79928952f1925b8c8ccbc6c53863bddcf998,2018-05-08 09:18:01 +0000,Signature: Incorrect Variable Usage,A.4,bug,1,https://api.github.com/repos/llvm/llvm-project.git/commits/4f799c027e09dafa0d1188509b256f75da3609a5,llvm/lib/Target/X86/X86ISelLowering.cpp,llvm/test/CodeGen/X86/pr30290.ll,2839,2845,llvm/test/CodeGen/X86/pr30290.ll,success2
llvm___llvm-project,40e7663b1fca58b099c1cb1d5278f368494ea46d,5a778aa79f08990b6c5c4ad3ba6948c745663fe6,2018-08-14 01:24:35 +0000,Sanitizer: Control Expression Error,B,bug,1,https://api.github.com/repos/llvm/llvm-project.git/commits/40e7663b1fca58b099c1cb1d5278f368494ea46d,llvm/lib/Analysis/BasicAliasAnalysis.cpp,llvm/test/Analysis/BasicAA/tail-byval.ll; llvm/test/Transforms/DeadStoreElimination/tail-byval.ll,801,814,llvm/test/Transforms/DeadStoreElimination/tail-byval.ll; llvm/test/Analysis/BasicAA/tail-byval.ll,success2
llvm___llvm-project,16f58d18506bf3c0bf89cf24e3fea88d5a8154dc,ec53c89fde3aff5247cac753c84629d07507b418,2018-09-14 19:38:45 +0000,Signature: Incorrect Variable Usage,A.4,bug,1,https://api.github.com/repos/llvm/llvm-project.git/commits/16f58d18506bf3c0bf89cf24e3fea88d5a8154dc,llvm/lib/CodeGen/SelectionDAG/SelectionDAG.cpp,llvm/test/DebugInfo/X86/sdag-legalize-multires.ll,7797,7803,llvm/test/DebugInfo/X86/sdag-legalize-multires.ll,success2
llvm___llvm-project,bfee5a9b42d3b4190d6a41d848303d1fea1bdbf2,3e095174b0f0d690dfbded13957df17cbb6f1ef6,2018-09-16 15:41:56 +0000,Sanitizer: Control Expression Error,B,bug,1,https://api.github.com/repos/llvm/llvm-project.git/commits/bfee5a9b42d3b4190d6a41d848303d1fea1bdbf2,llvm/lib/Target/X86/X86ISelLowering.cpp,llvm/test/CodeGen/X86/avx-vbroadcastf128.ll,40114,40124,llvm/test/CodeGen/X86/avx-vbroadcastf128.ll,success2
llvm___llvm-project,e62fc3d0b6ce923dcbc29eeb6ebc5808e6724f90,a4526d77c9921c86a29889fc09de17f7d5ccb210,2018-09-19 19:37:24 +0000,Logic Organization: Improper Condition Organization,D.1,bug,1,https://api.github.com/repos/llvm/llvm-project.git/commits/e62fc3d0b6ce923dcbc29eeb6ebc5808e6724f90,llvm/lib/Transforms/Utils/SimplifyLibCalls.cpp,llvm/test/Transforms/InstCombine/strcmp-memcmp.ll,171,177,llvm/test/Transforms/InstCombine/strcmp-memcmp.ll,success2
llvm___llvm-project,55321d82bd329bb88799e5a853a256b4a70e4106,c1275e72cb47b7a9ef5a6a2ffe1961f3e0025528,2018-09-26 04:19:23 +0000,Logic Organization: Improper Condition Organization,D.1,bug,1,https://api.github.com/repos/llvm/llvm-project.git/commits/55321d82bd329bb88799e5a853a256b4a70e4106,llvm/lib/CodeGen/AsmPrinter/DwarfCompileUnit.cpp,llvm/test/DebugInfo/X86/debug-label-unreached.ll,865,874,llvm/test/DebugInfo/X86/debug-label-unreached.ll,success2
llvm___llvm-project,69bfa402006fa7fabe6eaf1660c9ecacb763a966,73d18aa028b367ef68c543f15f10427a4d1cb471,2018-09-28 05:27:32 +0000,Signature: Incorrect Function Return Value,A.3,bug,1,https://api.github.com/repos/llvm/llvm-project.git/commits/69bfa402006fa7fabe6eaf1660c9ecacb763a966,llvm/lib/CodeGen/MachineBasicBlock.cpp,llvm/test/Other/X86/mbb-dump.ll,362,368,llvm/test/Other/X86/mbb-dump.ll,success2
llvm___llvm-project,6cca8af2270be8bc5494b44bb8856af591d0385b,fc51490baf1d6ad5796d8cb8bb0792de13ce8fce,2018-10-10 13:39:59 +0000,Signature: Incorrect Variable Usage,A.4,bug,1,https://api.github.com/repos/llvm/llvm-project.git/commits/6cca8af2270be8bc5494b44bb8856af591d0385b,llvm/lib/Target/X86/X86ISelLowering.cpp,llvm/test/CodeGen/X86/avx512-intrinsics-fast-isel.ll; llvm/test/CodeGen/X86/haddsub-undef.ll; llvm/test/CodeGen/X86/phaddsub.ll; llvm/test/CodeGen/X86/vector-shuffle-combining.ll,37026,37034,llvm/test/CodeGen/X86/vector-shuffle-combining.ll; llvm/test/CodeGen/X86/haddsub-undef.ll; llvm/test/CodeGen/X86/phaddsub.ll; llvm/test/CodeGen/X86/avx512-intrinsics-fast-isel.ll,success2
llvm___llvm-project,6934202dc04ffa5ff336a1cca9ace8dae44c29d4,b9601a385afe20ffacf23a15baf6be5aeb549684,2018-12-05 03:41:26 +0000,Logic Organization: Improper Condition Organization,D.1,bug,1,https://api.github.com/repos/llvm/llvm-project.git/commits/6934202dc04ffa5ff336a1cca9ace8dae44c29d4,llvm/lib/CodeGen/MachineLICM.cpp,llvm/test/CodeGen/AMDGPU/branch-relaxation.ll; llvm/test/CodeGen/AMDGPU/infinite-loop.ll; llvm/test/CodeGen/X86/atomic_mi.ll; llvm/test/CodeGen/X86/x86-shrink-wrapping.ll; llvm/test/CodeGen/X86/x86-win64-shrink-wrapping.ll,463,470,llvm/test/CodeGen/X86/atomic_mi.ll,success2
llvm___llvm-project,e79477895e1af4425aecaded2881e3b3c878faf5,1f958ed2693e889b6a02c7381578d2d202a1a409,2018-12-10 10:16:50 +0000,Signature: Fault Input Type,A.2,bug,1,https://api.github.com/repos/llvm/llvm-project.git/commits/e79477895e1af4425aecaded2881e3b3c878faf5,llvm/lib/Target/X86/X86AvoidStoreForwardingBlocks.cpp,llvm/test/CodeGen/X86/pr39926.ll,586,592,llvm/test/CodeGen/X86/pr39926.ll,success2
llvm___llvm-project,36e03ac6ee91366225f446db6437f184de258be6,102008589836db7d5f95fe5efb5dae31754cbb8c,2018-12-12 23:19:03 +0000,Signature: Fault Input Type,A.2,bug,1,https://api.github.com/repos/llvm/llvm-project.git/commits/36e03ac6ee91366225f446db6437f184de258be6,llvm/lib/Transforms/InstCombine/InstCombineCompares.cpp,llvm/test/Transforms/InstCombine/pr39908.ll,522,532,llvm/test/Transforms/InstCombine/pr39908.ll,success2
llvm___llvm-project,ef7b5949e5c35fdeefb69b8f9a8eef9cfa012ed0,53c8b1b6f742eeac78995f1257146f504b64314a,2018-12-15 19:43:44 +0000,Sanitizer: Control Expression Error,B,bug,1,https://api.github.com/repos/llvm/llvm-project.git/commits/ef7b5949e5c35fdeefb69b8f9a8eef9cfa012ed0,llvm/lib/Target/X86/X86ISelLowering.cpp,llvm/test/CodeGen/X86/fshl.ll; llvm/test/CodeGen/X86/fshr.ll,17047,17055,llvm/test/CodeGen/X86/fshl.ll; llvm/test/CodeGen/X86/fshr.ll,success2
llvm___llvm-project,8d5804802498efe95bb3b81d2fdab607e7d1e02b,88590e99f2757ffc1d3816f7508bef8310a520e6,2019-01-02 21:00:02 +0000,Memory Error: Null Pointer Dereference,C.1,bug,1,https://api.github.com/repos/llvm/llvm-project.git/commits/8d5804802498efe95bb3b81d2fdab607e7d1e02b,llvm/lib/Transforms/ObjCARC/ObjCARC.h,llvm/test/Transforms/ObjCARC/rv.ll,58,64,llvm/test/Transforms/ObjCARC/rv.ll,success2
llvm___llvm-project,d4e7a0d83ca785925a4f8c82d114377f5b156bbf,30ba0a0c950a0cdf23a70fce6c16d501c5f238c8,2019-01-09 23:39:26 +0000,Signature: Incorrect Function Usage,A.1,bug,1,https://api.github.com/repos/llvm/llvm-project.git/commits/d4e7a0d83ca785925a4f8c82d114377f5b156bbf,llvm/lib/Transforms/Utils/SimplifyLibCalls.cpp,llvm/test/Transforms/InstCombine/memchr.ll; llvm/test/Transforms/InstCombine/strchr-1.ll,798,805,llvm/test/Transforms/InstCombine/strchr-1.ll; llvm/test/Transforms/InstCombine/memchr.ll,success2
llvm___llvm-project,90ede5f4bfe66a0c1b3f4616bb0cc50a6629c4ac,33e498b785cf41f9617c813486c2dfe44cf4eca0,2019-03-11 16:23:59 +0000,Signature: Incorrect Function Usage,A.1,bug,1,https://api.github.com/repos/llvm/llvm-project.git/commits/90ede5f4bfe66a0c1b3f4616bb0cc50a6629c4ac,llvm/lib/Transforms/Utils/SimplifyCFG.cpp,llvm/test/Transforms/SimplifyCFG/debug-info-thread-phi.ll,2209,2215,llvm/test/Transforms/SimplifyCFG/debug-info-thread-phi.ll,success2
llvm___llvm-project,2153c4b8281c1e5f25887ef9183947198c50a9d2,ae211ece6a90c367ef0cdbabad3110aba3fcda67,2019-03-19 17:20:49 +0000,Logic Organization: Improper Condition Organization,D.1,bug,1,https://api.github.com/repos/llvm/llvm-project.git/commits/2153c4b8281c1e5f25887ef9183947198c50a9d2,llvm/lib/CodeGen/AtomicExpandPass.cpp,llvm/test/CodeGen/X86/atomic-unordered.ll,430,435,llvm/test/CodeGen/X86/atomic-unordered.ll,success2
llvm___llvm-project,d47eac59efb1de3a4fe797c54e116de55c6559e2,3e9e55491e787b9c1a100a58c27b5e228a278942,2019-03-21 13:57:07 +0000,Logic Organization: Improper Condition Organization,D.1,bug,1,https://api.github.com/repos/llvm/llvm-project.git/commits/d47eac59efb1de3a4fe797c54e116de55c6559e2,llvm/lib/CodeGen/CodeGenPrepare.cpp,llvm/test/CodeGen/X86/cgp-usubo.ll; llvm/test/CodeGen/X86/lsr-loop-exit-cond.ll; llvm/test/Transforms/CodeGenPrepare/X86/overflow-intrinsics.ll,1181,1190,llvm/test/Transforms/CodeGenPrepare/X86/overflow-intrinsics.ll; llvm/test/CodeGen/X86/cgp-usubo.ll; llvm/test/CodeGen/X86/lsr-loop-exit-cond.ll,success2
llvm___llvm-project,adf288c5d93e60a91fe226ae2dcebad0f760a259,51fa60bcbb91961849bef930584ec08ddad8eecf,2019-04-18 17:01:19 +0000,Sanitizer: Control Expression Error,B,bug,1,https://api.github.com/repos/llvm/llvm-project.git/commits/adf288c5d93e60a91fe226ae2dcebad0f760a259,llvm/lib/Transforms/Scalar/LoopPredication.cpp,llvm/test/Transforms/LoopPredication/invariant_load.ll,510,516,llvm/test/Transforms/LoopPredication/invariant_load.ll,success2
llvm___llvm-project,2f6ef2fc92955a5b77f302294ba97aa51dbaec4c,22561972af4793ccf156aa2425adfd1daeabf6c6,2019-05-14 14:37:26 +0000,Logic Organization: Wrong Function Call Sequence,D.2,bug,1,https://api.github.com/repos/llvm/llvm-project.git/commits/2f6ef2fc92955a5b77f302294ba97aa51dbaec4c,llvm/lib/CodeGen/AsmPrinter/DwarfDebug.cpp,llvm/test/DebugInfo/Generic/line-table-addrx.ll; llvm/test/DebugInfo/X86/convert-debugloc.ll; llvm/test/DebugInfo/X86/fission-ranges.ll,901,925,llvm/test/DebugInfo/Generic/line-table-addrx.ll; llvm/test/DebugInfo/X86/convert-debugloc.ll; llvm/test/DebugInfo/X86/fission-ranges.ll,success2
llvm___llvm-project,101915cfdaba9284b5bb8dedbbca2b7788f68da4,bd9e810b23b7907a133664a64407df3993f2426a,2019-06-06 18:02:36 +0000,Logic Organization: Wrong Function Call Sequence,D.2,bug,1,https://api.github.com/repos/llvm/llvm-project.git/commits/101915cfdaba9284b5bb8dedbbca2b7788f68da4,llvm/lib/Transforms/Scalar/LoopPredication.cpp,llvm/test/Transforms/LoopPredication/basic.ll,850,866,llvm/test/Transforms/LoopPredication/basic.ll,success2
llvm___llvm-project,0be2d25ecc7d9b71e03b07529eb1581efa92674a,86b510aa5840f32284532fcfc5eab7745eb47660,2019-06-13 13:56:19 +0000,Logic Organization: Improper Condition Organization,D.1,bug,1,https://api.github.com/repos/llvm/llvm-project.git/commits/0be2d25ecc7d9b71e03b07529eb1581efa92674a,llvm/lib/CodeGen/ShrinkWrap.cpp,llvm/test/CodeGen/AArch64/arm64-shrink-wrapping.ll; llvm/test/CodeGen/AArch64/branch-relax-cbz.ll; llvm/test/CodeGen/AArch64/dont-shrink-wrap-stack-mayloadorstore.mir; llvm/test/CodeGen/AArch64/taildup-cfi.ll; llvm/test/CodeGen/ARM/arm-shrink-wrapping-linux.ll; llvm/test/CodeGen/ARM/arm-shrink-wrapping.ll; llvm/test/CodeGen/PowerPC/BreakableToken-reduced.ll; llvm/test/CodeGen/PowerPC/ifcvt-forked-bug-2016-08-08.ll; llvm/test/CodeGen/PowerPC/licm-tocReg.ll; llvm/test/CodeGen/PowerPC/ppc64-sibcall-shrinkwrap.ll; llvm/test/CodeGen/PowerPC/xray-ret-is-terminator.ll; llvm/test/CodeGen/Thumb/thumb-shrink-wrapping.ll; llvm/test/CodeGen/X86/2010-08-04-MaskedSignedCompare.ll; llvm/test/CodeGen/X86/MachineSink-eflags.ll; llvm/test/CodeGen/X86/cmov.ll; llvm/test/CodeGen/X86/copy-eflags.ll; llvm/test/CodeGen/X86/fold-pcmpeqd-2.ll; llvm/test/CodeGen/X86/i386-shrink-wrapping.ll; llvm/test/CodeGen/X86/shrink-wrap-chkstk-x86_64.ll; llvm/test/CodeGen/X86/x86-shrink-wrapping.ll; llvm/test/CodeGen/X86/xchg-nofold.ll,258,263,llvm/test/CodeGen/X86/fold-pcmpeqd-2.ll; llvm/test/CodeGen/X86/i386-shrink-wrapping.ll; llvm/test/CodeGen/X86/copy-eflags.ll; llvm/test/CodeGen/X86/2010-08-04-MaskedSignedCompare.ll; llvm/test/CodeGen/X86/shrink-wrap-chkstk-x86_64.ll; llvm/test/CodeGen/X86/x86-shrink-wrapping.ll; llvm/test/CodeGen/X86/cmov.ll; llvm/test/CodeGen/X86/xchg-nofold.ll; llvm/test/CodeGen/X86/MachineSink-eflags.ll,success2
llvm___llvm-project,ea5c94b497cfc43f9ec513f721e03aa5c669249a,532f756555717e730166ac882e4c97ac0eeb1664,2019-07-23 17:45:11 +0000,Logic Organization: Improper Condition Organization,D.1,bug,1,https://api.github.com/repos/llvm/llvm-project.git/commits/ea5c94b497cfc43f9ec513f721e03aa5c669249a,llvm/lib/Transforms/Scalar/IndVarSimplify.cpp,llvm/test/Transforms/IndVarSimplify/eliminate-exit-no-dl.ll,2688,2697,llvm/test/Transforms/IndVarSimplify/eliminate-exit-no-dl.ll,success2
llvm___llvm-project,991834a51616799456a5e65cefde2f41c350aca2,8616a7702636b17deebf182146a84d3f2458b94d,2019-08-09 12:43:25 +0000,Sanitizer: Control Expression Error,B,bug,1,https://api.github.com/repos/llvm/llvm-project.git/commits/991834a51616799456a5e65cefde2f41c350aca2,llvm/lib/Transforms/IPO/GlobalOpt.cpp,llvm/test/Transforms/GlobalOpt/large-int-crash.ll,1643,1652,llvm/test/Transforms/GlobalOpt/large-int-crash.ll,success2
llvm___llvm-project,26b2c114515a8d011a952fe414ac92417298ea00,0a317df59f2392a2f1ba84e5def398e109d2e47f,2019-08-09 21:37:32 +0000,Logic Organization: Improper Condition Organization,D.1,bug,1,https://api.github.com/repos/llvm/llvm-project.git/commits/26b2c114515a8d011a952fe414ac92417298ea00,llvm/lib/CodeGen/SelectionDAG/DAGCombiner.cpp,llvm/test/CodeGen/AArch64/fadd-combines.ll; llvm/test/CodeGen/X86/fadd-combines.ll,868,873,llvm/test/CodeGen/AArch64/fadd-combines.ll; llvm/test/CodeGen/X86/fadd-combines.ll,success2
llvm___llvm-project,036e636aa7fc6d367ac19197936f3320f28214b0,cd53ff6c0df5f75c4c15abffa18755a8768fc6b3,2019-08-22 10:06:46 +0000,Logic Organization: Wrong Function Call Sequence,D.2,bug,1,https://api.github.com/repos/llvm/llvm-project.git/commits/036e636aa7fc6d367ac19197936f3320f28214b0,llvm/lib/Transforms/Utils/LoopUnrollPeel.cpp,llvm/test/Transforms/LoopUnroll/peel-loop-inner.ll,741,765,llvm/test/Transforms/LoopUnroll/peel-loop-inner.ll,success2
llvm___llvm-project,b6a0faaa0c793aede7911be241b1895a9ebea41c,06b309d5274951a9c3c37598afece51b3948e2a4,2019-09-15 13:03:24 +0000,Sanitizer: Control Expression Error,B,bug,1,https://api.github.com/repos/llvm/llvm-project.git/commits/b6a0faaa0c793aede7911be241b1895a9ebea41c,llvm/lib/Transforms/Vectorize/SLPVectorizer.cpp,llvm/test/Transforms/SLPVectorizer/X86/consecutive-access.ll,194,203,llvm/test/Transforms/SLPVectorizer/X86/consecutive-access.ll,success2
llvm___llvm-project,2f32e5d84d3483a0d6170fc61d2cceb49fc930a3,f118852046a1d255ed8c65c6b5db320e8cea53a0,2019-09-20 23:29:17 +0000,Logic Organization: Improper Condition Organization,D.1,bug,1,https://api.github.com/repos/llvm/llvm-project.git/commits/2f32e5d84d3483a0d6170fc61d2cceb49fc930a3,llvm/lib/Analysis/InlineCost.cpp,llvm/test/Transforms/Inline/X86/switch.ll,1453,1471,llvm/test/Transforms/Inline/X86/switch.ll,success2
llvm___llvm-project,d30093bb8a3f12d35d176a85cf93e354a38ff116,8b1eeafb91331c85570a172904460918c9785f29,2019-09-29 15:25:24 +0000,Signature: Incorrect Function Usage,A.1,bug,1,https://api.github.com/repos/llvm/llvm-project.git/commits/d30093bb8a3f12d35d176a85cf93e354a38ff116,llvm/lib/Transforms/Scalar/DivRemPairs.cpp,llvm/test/Transforms/DivRemPairs/X86/div-expanded-rem-pair.ll,233,240,llvm/test/Transforms/DivRemPairs/X86/div-expanded-rem-pair.ll,success2
llvm___llvm-project,8535bed79504ffe3ed7f2de8c158a17e79e54736,5a8db8496440b9d6ced91bd24f4b6b463acc7d55,2019-10-14 12:49:58 +0000,Signature: Fault Input Type,A.2,bug,1,https://api.github.com/repos/llvm/llvm-project.git/commits/8535bed79504ffe3ed7f2de8c158a17e79e54736,llvm/lib/CodeGen/AsmPrinter/DwarfDebug.cpp,llvm/test/DebugInfo/X86/dbgcall-site-64-bit-imms.ll,620,626,llvm/test/DebugInfo/X86/dbgcall-site-64-bit-imms.ll,success2
llvm___llvm-project,07d16424f28482a852a35bd817189d4dfb1701ef,c7ab19dbb0f1f5c76ff70c7acab9f20c796cafb3,2019-11-01 23:03:35 -0500,Signature: Incorrect Variable Usage,A.4,bug,1,https://api.github.com/repos/llvm/llvm-project.git/commits/07d16424f28482a852a35bd817189d4dfb1701ef,llvm/lib/Transforms/IPO/Attributor.cpp,llvm/test/Transforms/IPConstantProp/PR43857.ll,998,1011,llvm/test/Transforms/IPConstantProp/PR43857.ll,success2
llvm___llvm-project,8723b95cefa4f2a891c2b496dca79f1734cf1d1c,95c770fbfb14b07e1af7c2d427c16745617d9f1f,2019-11-14 15:12:07 +0800,Signature: Incorrect Function Usage,A.1,bug,1,https://api.github.com/repos/llvm/llvm-project.git/commits/8723b95cefa4f2a891c2b496dca79f1734cf1d1c,llvm/lib/Target/X86/X86FrameLowering.cpp,llvm/test/CodeGen/X86/win64-funclet-savexmm.ll,1860,1866,llvm/test/CodeGen/X86/win64-funclet-savexmm.ll,success2
llvm___llvm-project,1a58be2ac58ca078c91c9d1700220d88091b256f,77ad98c80881ba90bf18ec2780169c60e02c159b,2019-11-22 08:21:47 -0800,Signature: Incorrect Variable Usage,A.4,bug,1,https://api.github.com/repos/llvm/llvm-project.git/commits/1a58be2ac58ca078c91c9d1700220d88091b256f,llvm/lib/Transforms/Scalar/JumpThreading.cpp,llvm/test/Transforms/JumpThreading/update-edge-weight.ll,340,346,llvm/test/Transforms/JumpThreading/update-edge-weight.ll,success2
llvm___llvm-project,0f22e783a038b6983f0fe161eef6cf2add3a4156,241cbf201a6f4b7658697e3c76fc6e741d049a01,2019-12-02 17:34:55 +0300,Logic Organization: Wrong Function Call Sequence,D.2,bug,1,https://api.github.com/repos/llvm/llvm-project.git/commits/0f22e783a038b6983f0fe161eef6cf2add3a4156,llvm/lib/Transforms/InstCombine/InstCombineCompares.cpp,llvm/test/Transforms/InstCombine/icmp-add.ll; llvm/test/Transforms/LoopUnroll/runtime-loop-multiple-exits.ll; llvm/test/Transforms/LoopVectorize/if-conversion-nest.ll; llvm/test/Transforms/LoopVectorize/runtime-check.ll,2566,2607,llvm/test/Transforms/LoopUnroll/runtime-loop-multiple-exits.ll; llvm/test/Transforms/LoopVectorize/if-conversion-nest.ll; llvm/test/Transforms/LoopVectorize/runtime-check.ll; llvm/test/Transforms/InstCombine/icmp-add.ll,success2
llvm___llvm-project,e420c0c78eb0700989c8ba80e845b6306d66bb5f,33f6d465d790ac5c9b949e6bc05127d356212079,2019-12-03 12:22:51 -0800,Sanitizer: Control Expression Error,B,bug,1,https://api.github.com/repos/llvm/llvm-project.git/commits/e420c0c78eb0700989c8ba80e845b6306d66bb5f,llvm/lib/Transforms/Utils/FunctionImportUtils.cpp,llvm/test/ThinLTO/X86/index-const-prop2.ll; llvm/test/ThinLTO/X86/writeonly-with-refs.ll; llvm/test/ThinLTO/X86/writeonly.ll; llvm/test/ThinLTO/X86/writeonly2.ll,258,264,llvm/test/ThinLTO/X86/index-const-prop2.ll; llvm/test/ThinLTO/X86/writeonly.ll; llvm/test/ThinLTO/X86/writeonly2.ll; llvm/test/ThinLTO/X86/writeonly-with-refs.ll,success2
llvm___llvm-project,453dc4d7ec5a3c3d8f54fc358bc5673834516d48,59811f454df08924fc35f7e8fb8cb61e8f40e869,2019-12-20 14:03:34 +0000,Signature: Incorrect Function Return Value,A.3,bug,1,https://api.github.com/repos/llvm/llvm-project.git/commits/453dc4d7ec5a3c3d8f54fc358bc5673834516d48,llvm/lib/CodeGen/AsmPrinter/DbgEntityHistoryCalculator.cpp,llvm/test/DebugInfo/COFF/pieces.ll; llvm/test/DebugInfo/X86/dbg_entity_calc_ignores_KILL_instruction_at_return.mir; llvm/test/DebugInfo/X86/dbg_entity_calc_ignores_KILL_instruction_still_clobbers.mir; llvm/test/DebugInfo/X86/pieces-3.ll,262,268,llvm/test/DebugInfo/COFF/pieces.ll; llvm/test/DebugInfo/X86/pieces-3.ll,success2
llvm___llvm-project,0cf0be993c382f15c277de6d0db8be6a236c7c50,8c681f5e4706d3d2980f19f08dd0d4c40496a8d5,2020-02-04 07:02:01 -0500,Signature: Incorrect Variable Usage,A.4,bug,1,https://api.github.com/repos/llvm/llvm-project.git/commits/0cf0be993c382f15c277de6d0db8be6a236c7c50,llvm/lib/Transforms/InstCombine/InstCombineCasts.cpp,llvm/test/CodeGen/AMDGPU/diverge-switch-default.ll; llvm/test/CodeGen/AMDGPU/reqd-work-group-size.ll; llvm/test/Transforms/InstCombine/cast_phi.ll; llvm/test/Transforms/InstCombine/icmp-div-constant.ll; llvm/test/Transforms/InstCombine/icmp-mul-zext.ll,297,303,llvm/test/Transforms/InstCombine/cast_phi.ll,success2
llvm___llvm-project,5b3b21f0258899d03f6299fba6b4c78d7e730353,ab16ef17e838377e914a18fcec0fa78375833c36,2020-02-04 13:20:13 -0800,Logic Organization: Improper Condition Organization,D.1,bug,1,https://api.github.com/repos/llvm/llvm-project.git/commits/5b3b21f0258899d03f6299fba6b4c78d7e730353,llvm/lib/CodeGen/AsmPrinter/CodeViewDebug.cpp,llvm/test/DebugInfo/COFF/function-options.ll,418,427,llvm/test/DebugInfo/COFF/function-options.ll,success2
llvm___llvm-project,d291bd510e6a4e62594186cb8f3ddc18acf2ee1a,8dc92142e3c5332d741aff4bc81ee6aeed7784b2,2020-05-01 08:16:38 -0700,Logic Organization: Improper Condition Organization,D.1,bug,1,https://api.github.com/repos/llvm/llvm-project.git/commits/d291bd510e6a4e62594186cb8f3ddc18acf2ee1a,llvm/lib/Transforms/IPO/WholeProgramDevirt.cpp,llvm/test/ThinLTO/X86/devirt_multiple_type_test.ll,1713,1746,llvm/test/ThinLTO/X86/devirt_multiple_type_test.ll,success2
llvm___llvm-project,66055230bf6673b76e7330fef76d752a1ea8638e,363393c4b35997c67e6b282bd2be9022a7bfed25,2020-05-07 14:00:24 -0700,Logic Organization: Improper Condition Organization,D.1,bug,1,https://api.github.com/repos/llvm/llvm-project.git/commits/66055230bf6673b76e7330fef76d752a1ea8638e,llvm/lib/CodeGen/TargetLoweringObjectFileImpl.cpp,llvm/test/Transforms/CodeGenPrepare/X86/section.ll,611,625,llvm/test/Transforms/CodeGenPrepare/X86/section.ll,success2
llvm___llvm-project,fde8eb00e1466cecd0fc6697f8c2ab837c5b7cf3,a055e3856f813f73d82e992cfe78dcdb918a39c5,2020-05-17 21:58:55 +0300,Signature: Fault Input Type,A.2,bug,1,https://api.github.com/repos/llvm/llvm-project.git/commits/fde8eb00e1466cecd0fc6697f8c2ab837c5b7cf3,llvm/lib/Transforms/InstCombine/InstCombineAndOrXor.cpp,llvm/test/Transforms/InstCombine/unfold-masked-merge-with-const-mask-vector.ll,3049,3054,llvm/test/Transforms/InstCombine/unfold-masked-merge-with-const-mask-vector.ll,success2
llvm___llvm-project,a9fe69c359de653015c39e413e48630d069abe27,f5415f7c5a06e8563c650a3ecfd6435d36ca3a66,2020-06-03 13:11:54 -0400,Sanitizer: Control Expression Error,B,bug,1,https://api.github.com/repos/llvm/llvm-project.git/commits/a9fe69c359de653015c39e413e48630d069abe27,llvm/lib/Analysis/InstructionSimplify.cpp,llvm/test/Transforms/InstSimplify/or.ll,2195,2201,llvm/test/Transforms/InstSimplify/or.ll,success2
llvm___llvm-project,4c735439fd9a0cfea9ae366df8b36281436d4708,198762680e1e66518ee531c9cce5bf1933accea3,2020-06-04 18:15:04 -0700,Signature: Incorrect Function Usage,A.1,bug,1,https://api.github.com/repos/llvm/llvm-project.git/commits/4c735439fd9a0cfea9ae366df8b36281436d4708,llvm/lib/CodeGen/SelectionDAG/SelectionDAGBuilder.cpp,llvm/test/CodeGen/X86/statepoint-allocas.ll; llvm/test/CodeGen/X86/statepoint-call-lowering.ll; llvm/test/CodeGen/X86/statepoint-invoke.ll; llvm/test/CodeGen/X86/statepoint-live-in.ll,2779,2784,llvm/test/CodeGen/X86/statepoint-invoke.ll,success2
llvm___llvm-project,ac375c2fe316dae6eb770b38f90d6b67fadd22ec,183342c0a9850e60dd7a004b651c83dfb3a7d25e,2020-07-23 13:04:57 -0700,Logic Organization: Improper Condition Organization,D.1,bug,1,https://api.github.com/repos/llvm/llvm-project.git/commits/ac375c2fe316dae6eb770b38f90d6b67fadd22ec,llvm/lib/Bitcode/Reader/BitcodeReader.cpp,llvm/test/Bitcode/Inputs/linker-options.bc; llvm/test/Bitcode/upgrade-linker-options-2.ll,2969,2980,llvm/test/Bitcode/upgrade-linker-options-2.ll,success2
llvm___llvm-project,ee1c12708a4519361729205168dedb2b61bc2638,7ba82a7320df82d07d3d5679bce89b14526b536c,2020-08-03 16:19:06 +0100,Logic Organization: Improper Condition Organization,D.1,bug,1,https://api.github.com/repos/llvm/llvm-project.git/commits/ee1c12708a4519361729205168dedb2b61bc2638,llvm/lib/Analysis/ScalarEvolution.cpp,llvm/test/Analysis/ScalarEvolution/pr46939-trip-count-count-down.ll; llvm/test/Transforms/HardwareLoops/scalar-while.ll,10628,10635,llvm/test/Analysis/ScalarEvolution/pr46939-trip-count-count-down.ll; llvm/test/Transforms/HardwareLoops/scalar-while.ll,success2
llvm___llvm-project,cfdc96714bdfeabea31b1f4d2e0c65e424933994,29429d1a443a51d0e1ac4ef4033a2bcc95909ba3,2020-08-11 14:13:26 -0700,Logic Organization: Wrong Function Call Sequence,D.2,bug,1,https://api.github.com/repos/llvm/llvm-project.git/commits/cfdc96714bdfeabea31b1f4d2e0c65e424933994,llvm/lib/Transforms/InstCombine/InstructionCombining.cpp,llvm/test/Transforms/InstCombine/dont-distribute-phi.ll,740,784,llvm/test/Transforms/InstCombine/dont-distribute-phi.ll,success2
llvm___llvm-project,a79e604462ea26c73b6869d71b41667819f90281,e1a2f4713c998318d7f0e67bd3ba5e06e3a986ee,2020-08-17 20:47:02 +0200,Logic Organization: Improper Condition Organization,D.1,bug,1,https://api.github.com/repos/llvm/llvm-project.git/commits/a79e604462ea26c73b6869d71b41667819f90281,llvm/lib/Analysis/AssumeBundleQueries.cpp,llvm/test/Transforms/PhaseOrdering/d83507-knowledge-retention-bug.ll,172,183,llvm/test/Transforms/PhaseOrdering/d83507-knowledge-retention-bug.ll,success2
llvm___llvm-project,e082dee2b5885bba65e20b22b088bcaca5546984,3de9e3e493baed93e1aa0e99b04a0b11f370a939,2020-09-12 18:57:26 +0100,Logic Organization: Improper Condition Organization,D.1,bug,1,https://api.github.com/repos/llvm/llvm-project.git/commits/e082dee2b5885bba65e20b22b088bcaca5546984,llvm/lib/Transforms/Scalar/DeadStoreElimination.cpp,llvm/test/Transforms/DeadStoreElimination/MSSA/multiblock-loop-carried-dependence.ll; llvm/test/Transforms/DeadStoreElimination/MSSA/multiblock-malloc-free.ll; llvm/test/Transforms/DeadStoreElimination/MSSA/multiblock-memintrinsics.ll,1776,1785,llvm/test/Transforms/DeadStoreElimination/MSSA/multiblock-loop-carried-dependence.ll; llvm/test/Transforms/DeadStoreElimination/MSSA/multiblock-malloc-free.ll; llvm/test/Transforms/DeadStoreElimination/MSSA/multiblock-memintrinsics.ll,success2
llvm___llvm-project,aa57c1c967078a8c02e7fc2c837853dbd7cc66f4,7ffc9aa538dfa3facbbb09d3b0d517a59e967d0e,2020-09-15 09:27:16 -0400,Memory Error: Null Pointer Dereference,C.1,bug,1,https://api.github.com/repos/llvm/llvm-project.git/commits/aa57c1c967078a8c02e7fc2c837853dbd7cc66f4,llvm/lib/Transforms/Utils/SimplifyLibCalls.cpp,llvm/test/Transforms/InstCombine/pow-4.ll,1748,1753,llvm/test/Transforms/InstCombine/pow-4.ll,success2
llvm___llvm-project,32c9991dab5cb1454959561c77f9d0089d981429,d6ac649ccda289ecc2d2c0cb51892d57e8ec328c,2020-09-22 18:49:55 -0400,Logic Organization: Improper Condition Organization,D.1,bug,1,https://api.github.com/repos/llvm/llvm-project.git/commits/32c9991dab5cb1454959561c77f9d0089d981429,llvm/lib/Transforms/Utils/SimplifyLibCalls.cpp,llvm/test/Transforms/InstCombine/pow-1.ll; llvm/test/Transforms/InstCombine/pow-sqrt.ll; llvm/test/Transforms/InstCombine/win-math.ll,1636,1641,llvm/test/Transforms/InstCombine/pow-sqrt.ll; llvm/test/Transforms/InstCombine/pow-1.ll,success2
llvm___llvm-project,de3cb9548d77726186db2d384193e0565cb0afc5,caeb13aba853b949ca45627f023dbeac77c13b2f,2020-10-01 16:08:44 -0700,Logic Organization: Wrong Function Call Sequence,D.2,bug,1,https://api.github.com/repos/llvm/llvm-project.git/commits/de3cb9548d77726186db2d384193e0565cb0afc5,llvm/lib/Transforms/Scalar/LoopIdiomRecognize.cpp,llvm/test/Transforms/LoopIdiom/non-integral-pointers.ll,455,472,llvm/test/Transforms/LoopIdiom/non-integral-pointers.ll,success2
llvm___llvm-project,f192a27ed3bacdf727f27857adeb6d3762383295,e0b89df2e0f0130881bf6c39bf31d7f6aac00e0f,2020-10-09 16:20:26 -0700,Logic Organization: Improper Condition Organization,D.1,bug,1,https://api.github.com/repos/llvm/llvm-project.git/commits/f192a27ed3bacdf727f27857adeb6d3762383295,llvm/lib/Transforms/Scalar/Sink.cpp,llvm/test/Transforms/Sink/dead-user.ll,135,140,llvm/test/Transforms/Sink/dead-user.ll,success2
llvm___llvm-project,96f372c1e7402595edd2ae9f86b9bdfa22dc1045,256492677d9591c97071ce1ee4b060a2680316c5,2020-10-20 15:01:39 -0700,Signature: Incorrect Function Usage,A.1,bug,1,https://api.github.com/repos/llvm/llvm-project.git/commits/96f372c1e7402595edd2ae9f86b9bdfa22dc1045,llvm/lib/IR/AsmWriter.cpp,llvm/test/Other/bb-badref.ll,4417,4423,llvm/test/Other/bb-badref.ll,success2
llvm___llvm-project,00928a1956a1618f394ffe99fc63b0d81e1f88c7,d071bba9a4477290d0b164a2d338fb22ad2d3c3d,2020-10-22 11:14:35 -0700,Logic Organization: Improper Condition Organization,D.1,bug,1,https://api.github.com/repos/llvm/llvm-project.git/commits/00928a1956a1618f394ffe99fc63b0d81e1f88c7,llvm/lib/Transforms/Scalar/SROA.cpp,llvm/test/Transforms/SROA/phi-gep.ll,3545,3557,llvm/test/Transforms/SROA/phi-gep.ll,success2
llvm___llvm-project,09266e4af04ec2dc3a3afc19a3f9d5658d482a44,d3715b5a060f12d03cf8c18d4f4115091066ef07,2020-11-12 18:33:29 -0800,Logic Organization: Improper Condition Organization,D.1,bug,1,https://api.github.com/repos/llvm/llvm-project.git/commits/09266e4af04ec2dc3a3afc19a3f9d5658d482a44,llvm/lib/Transforms/ObjCARC/ObjCARCOpts.cpp,llvm/test/Transforms/ObjCARC/rv.ll,2358,2365,llvm/test/Transforms/ObjCARC/rv.ll,success2
llvm___llvm-project,f748e92295515ea7b39cd687a718915b559de6ec,4718ec01669b01373180f4cd1256c6e2dd6f3999,2021-01-11 13:50:52 -0800,Signature: Incorrect Function Usage,A.1,bug,1,https://api.github.com/repos/llvm/llvm-project.git/commits/f748e92295515ea7b39cd687a718915b559de6ec,llvm/lib/Passes/PassBuilder.cpp,llvm/test/Transforms/LoopUnroll/opt-levels.ll; llvm/test/Transforms/SimpleLoopUnswitch/pipeline.ll,724,730,llvm/test/Transforms/LoopUnroll/opt-levels.ll; llvm/test/Transforms/SimpleLoopUnswitch/pipeline.ll,success2
llvm___llvm-project,875891a10d50a791d3f076c9259e60af6c9af18c,75f3f778052cdcd89e79f7a42a50915ee5ce2281,2021-03-09 11:55:19 -0500,Sanitizer: Control Expression Error,B,bug,1,https://api.github.com/repos/llvm/llvm-project.git/commits/875891a10d50a791d3f076c9259e60af6c9af18c,llvm/lib/Analysis/MemoryDependenceAnalysis.cpp,llvm/test/Transforms/GVN/storeinvgroup.ll,344,350,llvm/test/Transforms/GVN/storeinvgroup.ll,success2
llvm___llvm-project,7669455df49e6fc8ae7d9f4bd4ee95bb20e7eb6e,bd8dd580ffd221dd38e28c609b30d9b6361efac7,2021-03-14 16:47:41 +0100,Logic Organization: Improper Condition Organization,D.1,bug,1,https://api.github.com/repos/llvm/llvm-project.git/commits/7669455df49e6fc8ae7d9f4bd4ee95bb20e7eb6e,llvm/lib/Target/X86/X86FastISel.cpp,llvm/test/CodeGen/X86/pr49587.ll,284,289,llvm/test/CodeGen/X86/pr49587.ll,success2
llvm___llvm-project,514bc01ca3b9f97945dd49aa40e01922fed0e41d,bc6b139392f638a69e85a474eb0eb59e13d9791a,2021-03-23 17:33:40 +0300,Logic Organization: Improper Condition Organization,D.1,bug,1,https://api.github.com/repos/llvm/llvm-project.git/commits/514bc01ca3b9f97945dd49aa40e01922fed0e41d,llvm/lib/Transforms/Utils/SimplifyCFG.cpp,llvm/test/Transforms/SimplifyCFG/fold-branch-to-common-dest.ll,1097,1104,llvm/test/Transforms/SimplifyCFG/fold-branch-to-common-dest.ll,success2
llvm___llvm-project,ce066da81c3e6175a02fa7ae831931b5e4126a2b,36b5d09b079bd15edad8fcad122141f999ddd2f9,2021-03-28 21:20:50 +0200,Sanitizer: Control Expression Error,B,bug,1,https://api.github.com/repos/llvm/llvm-project.git/commits/ce066da81c3e6175a02fa7ae831931b5e4126a2b,llvm/lib/Analysis/BasicAliasAnalysis.cpp,llvm/test/Analysis/BasicAA/q.bad.ll,1725,1731,llvm/test/Analysis/BasicAA/q.bad.ll,success2
llvm___llvm-project,db357891f0cf76253be3cd75f682b68544a411da,4391d764e153d17315a2822137e1ceca13b4c98d,2021-04-01 11:32:22 -0700,Signature: Incorrect Function Usage,A.1,bug,1,https://api.github.com/repos/llvm/llvm-project.git/commits/db357891f0cf76253be3cd75f682b68544a411da,llvm/lib/Analysis/Loads.cpp,llvm/test/Transforms/LICM/hoist-alloc.ll,162,169,llvm/test/Transforms/LICM/hoist-alloc.ll,success2
llvm___llvm-project,6d5132b426fbe23c5bc3e591ca2ca09a315d459b,93fb72575f7a70c0e095f7b278fd249260fe84a8,2021-04-07 08:38:13 -0700,Signature: Incorrect Variable Usage,A.4,bug,1,https://api.github.com/repos/llvm/llvm-project.git/commits/6d5132b426fbe23c5bc3e591ca2ca09a315d459b,llvm/lib/Transforms/IPO/SampleProfile.cpp,llvm/test/Transforms/SampleProfile/Inputs/pseudo-probe-icp-factor.prof; llvm/test/Transforms/SampleProfile/pseudo-probe-icp-factor.ll,872,888,llvm/test/Transforms/SampleProfile/pseudo-probe-icp-factor.ll,success2
llvm___llvm-project,f5645ea65f0dfdef2ae9c74075cc4b44f05dcb82,5f6b3d1833fdf20e18a3c8bf3ede7b5060130f73,2021-04-07 20:44:32 -0400,Logic Organization: Improper Condition Organization,D.1,bug,1,https://api.github.com/repos/llvm/llvm-project.git/commits/f5645ea65f0dfdef2ae9c74075cc4b44f05dcb82,llvm/lib/Transforms/Scalar/LoopInterchange.cpp,llvm/test/Transforms/LoopInterchange/lcssa-preheader.ll; llvm/test/Transforms/LoopInterchange/outer-header-jump-to-inner-latch.ll,1551,1559,llvm/test/Transforms/LoopInterchange/lcssa-preheader.ll; llvm/test/Transforms/LoopInterchange/outer-header-jump-to-inner-latch.ll,success2
llvm___llvm-project,077bff39d46364035a5dcfa32fc69910ad0975d0,99d6e31e0bd02d484c213a7446fd707c62dec45b,2021-04-10 00:31:56 +0300,Logic Organization: Improper Condition Organization,D.1,bug,1,https://api.github.com/repos/llvm/llvm-project.git/commits/077bff39d46364035a5dcfa32fc69910ad0975d0,llvm/lib/Analysis/Loads.cpp,llvm/test/Transforms/SROA/std-clamp.ll,59,64,llvm/test/Transforms/SROA/std-clamp.ll,success2
llvm___llvm-project,74f98391a7a42eccd7aa96546892cb9b65a39edb,62328f2f29b432dadbd327ff91ba3914c478e3fc,2021-04-13 15:54:40 +0100,Sanitizer: Control Expression Error,B,bug,1,https://api.github.com/repos/llvm/llvm-project.git/commits/74f98391a7a42eccd7aa96546892cb9b65a39edb,llvm/lib/Target/X86/X86ISelLowering.cpp,llvm/test/CodeGen/X86/vector-compare-all_of.ll; llvm/test/CodeGen/X86/vector-compare-any_of.ll,42347,42353,llvm/test/CodeGen/X86/vector-compare-all_of.ll; llvm/test/CodeGen/X86/vector-compare-any_of.ll,success2
llvm___llvm-project,11707435ccb44a9377bfed407453e0646a159636,bc636c1c2c8aafeac5ce3aba0b268fdcb1914864,2021-04-16 15:28:15 -0700,Logic Organization: Improper Condition Organization,D.1,bug,1,https://api.github.com/repos/llvm/llvm-project.git/commits/11707435ccb44a9377bfed407453e0646a159636,llvm/lib/Transforms/IPO/InferFunctionAttrs.cpp,llvm/test/Transforms/InferFunctionAttrs/nobuiltin.ll,31,37,llvm/test/Transforms/InferFunctionAttrs/nobuiltin.ll,success2
llvm___llvm-project,ea817d79be2686d1d5fad04d429dbe392ee22b5f,cd460c4d11eeeca485353ad6a1961b543980b664,2021-04-28 16:05:04 -0700,Sanitizer: Control Expression Error,B,bug,1,https://api.github.com/repos/llvm/llvm-project.git/commits/ea817d79be2686d1d5fad04d429dbe392ee22b5f,llvm/lib/Transforms/Utils/SimplifyCFG.cpp,llvm/test/CodeGen/Thumb2/LowOverheadLoops/while-loops.ll; llvm/test/Transforms/PhaseOrdering/d83507-knowledge-retention-bug.ll; llvm/test/Transforms/SimplifyCFG/UnreachableEliminate.ll,6627,6635,llvm/test/Transforms/SimplifyCFG/UnreachableEliminate.ll,success2
llvm___llvm-project,3f8be15f2911a3d3645030911be83a115bfe9e5c,10c309ad81e2be156ab44a83ee56cddea20637cc,2021-05-11 21:25:16 -0400,Logic Organization: Improper Condition Organization,D.1,bug,1,https://api.github.com/repos/llvm/llvm-project.git/commits/3f8be15f2911a3d3645030911be83a115bfe9e5c,llvm/lib/Transforms/Scalar/LoopInterchange.cpp,llvm/test/Transforms/LoopInterchange/lcssa.ll,1529,1534,llvm/test/Transforms/LoopInterchange/lcssa.ll,success2
llvm___llvm-project,01c90bbd4fd12aa86db4a47577addb47e6e84289,6ec66f681c3763916933057849587a44cfb8e6da,2021-05-14 11:06:46 +0200,Sanitizer: Control Expression Error,B,bug,1,https://api.github.com/repos/llvm/llvm-project.git/commits/01c90bbd4fd12aa86db4a47577addb47e6e84289,llvm/lib/Transforms/Utils/Debugify.cpp,llvm/test/DebugInfo/debugify-ignore-phi.ll,623,638,llvm/test/DebugInfo/debugify-ignore-phi.ll,success2
llvm___llvm-project,fae7debadcea335d4aaddee82406a8d10426e730,c997867dc084a1bcf631816f964b3ff49a297ba3,2021-06-12 10:29:53 -0700,Logic Organization: Improper Condition Organization,D.1,bug,1,https://api.github.com/repos/llvm/llvm-project.git/commits/fae7debadcea335d4aaddee82406a8d10426e730,llvm/lib/Transforms/Instrumentation/ControlHeightReduction.cpp,llvm/test/Transforms/PGOProfile/chr.ll,767,772,llvm/test/Transforms/PGOProfile/chr.ll,success2
llvm___llvm-project,34cccdaed7e7952a9191231ffa62b1b22eac35c8,e638a290f7d0bb85dbf81ba34eaaeef8c8d1b42d,2021-06-22 14:48:45 +0100,Logic Organization: Improper Condition Organization,D.1,bug,1,https://api.github.com/repos/llvm/llvm-project.git/commits/34cccdaed7e7952a9191231ffa62b1b22eac35c8,llvm/lib/Bitcode/Reader/BitcodeReader.cpp,llvm/test/Bitcode/invalid-record-strtab.ll; llvm/test/Bitcode/invalid-record-strtab.ll.bc,3407,3415,llvm/test/Bitcode/invalid-record-strtab.ll,success2
llvm___llvm-project,160559344026824ee0b510741c7906c0e165f9a7,5ccb7424fab3bc8bf6cb2ced989cbd86ec8ccff6,2021-06-25 17:56:10 +0900,Signature: Incorrect Function Return Value,A.3,bug,1,https://api.github.com/repos/llvm/llvm-project.git/commits/160559344026824ee0b510741c7906c0e165f9a7,llvm/lib/Transforms/Utils/SimplifyLibCalls.cpp,llvm/test/Transforms/InstCombine/memchr.ll; llvm/test/Transforms/InstCombine/strchr-1.ll,933,939,llvm/test/Transforms/InstCombine/strchr-1.ll; llvm/test/Transforms/InstCombine/memchr.ll,success2
llvm___llvm-project,9eb613b2de3163686b1a4bd1160f15ac56a4b083,09e3bf01b3da978b5437bf84c0b0f290974d8743,2021-07-01 17:30:04 -0400,Sanitizer: Control Expression Error,B,bug,1,https://api.github.com/repos/llvm/llvm-project.git/commits/9eb613b2de3163686b1a4bd1160f15ac56a4b083,llvm/lib/Analysis/InstructionSimplify.cpp,llvm/test/Transforms/InstCombine/icmp.ll,189,200,llvm/test/Transforms/InstCombine/icmp.ll,success2
llvm___llvm-project,252a1eecc04080d852ba58c6727970c688eb1619,6b0d266036f73f5ee9556d211a7d0946091ff3b2,2021-07-02 17:08:25 -0700,Sanitizer: Control Expression Error,B,bug,1,https://api.github.com/repos/llvm/llvm-project.git/commits/252a1eecc04080d852ba58c6727970c688eb1619,llvm/lib/Transforms/Utils/FunctionImportUtils.cpp,llvm/test/ThinLTO/X86/import-dsolocal.ll; llvm/test/ThinLTO/X86/index-const-prop-linkage.ll,276,282,llvm/test/ThinLTO/X86/index-const-prop-linkage.ll; llvm/test/ThinLTO/X86/import-dsolocal.ll,success2
llvm___llvm-project,2702fb11484a6f5d99c712a0e92c221288955c56,cb7c01889ec21accc12b2c19a395b521e3b959a3,2021-08-13 15:35:01 +0300,Logic Organization: Improper Condition Organization,D.1,bug,1,https://api.github.com/repos/llvm/llvm-project.git/commits/2702fb11484a6f5d99c712a0e92c221288955c56,llvm/lib/Transforms/Utils/SimplifyCFG.cpp,llvm/test/Transforms/SimplifyCFG/tautological-conditional-branch.ll,6634,6640,llvm/test/Transforms/SimplifyCFG/tautological-conditional-branch.ll,success2
llvm___llvm-project,ea8539111d444ffb93ab09c5865d9a1a0927cb2c,30dfd3449e45ac371012c6e46c77ab9089496d4e,2021-08-19 14:31:39 -0400,Signature: Incorrect Function Return Value,A.3,bug,1,https://api.github.com/repos/llvm/llvm-project.git/commits/ea8539111d444ffb93ab09c5865d9a1a0927cb2c,llvm/lib/IR/Mangler.cpp,llvm/test/CodeGen/X86/dllexport.ll,186,192,llvm/test/CodeGen/X86/dllexport.ll,success2
llvm___llvm-project,307890f85b33bc190b563bcb3daeb232b8ecaa73,a643bd3189aeee138187509a9bfec2f798798d76,2021-08-24 16:08:09 +0100,Memory Error: Uncontrolled Resource Consumption,C.2,bug,1,https://api.github.com/repos/llvm/llvm-project.git/commits/307890f85b33bc190b563bcb3daeb232b8ecaa73,llvm/lib/Target/X86/X86ISelLowering.cpp,llvm/test/CodeGen/X86/bitreverse.ll; llvm/test/CodeGen/X86/combine-bitreverse.ll; llvm/test/CodeGen/X86/vector-bitreverse.ll; llvm/test/CodeGen/X86/vector-fshl-rot-128.ll; llvm/test/CodeGen/X86/vector-fshl-rot-256.ll; llvm/test/CodeGen/X86/vector-fshl-rot-512.ll; llvm/test/CodeGen/X86/vector-fshr-128.ll; llvm/test/CodeGen/X86/vector-fshr-256.ll; llvm/test/CodeGen/X86/vector-fshr-rot-128.ll; llvm/test/CodeGen/X86/vector-fshr-rot-256.ll; llvm/test/CodeGen/X86/vector-fshr-rot-512.ll; llvm/test/CodeGen/X86/vector-rotate-128.ll; llvm/test/CodeGen/X86/vector-rotate-256.ll,28731,28738,llvm/test/CodeGen/X86/vector-fshl-rot-512.ll; llvm/test/CodeGen/X86/vector-fshr-rot-128.ll; llvm/test/CodeGen/X86/vector-fshr-rot-512.ll; llvm/test/CodeGen/X86/vector-rotate-256.ll; llvm/test/CodeGen/X86/bitreverse.ll; llvm/test/CodeGen/X86/vector-rotate-128.ll; llvm/test/CodeGen/X86/vector-fshr-256.ll; llvm/test/CodeGen/X86/vector-fshl-rot-256.ll; llvm/test/CodeGen/X86/vector-bitreverse.ll; llvm/test/CodeGen/X86/combine-bitreverse.ll; llvm/test/CodeGen/X86/vector-fshr-rot-256.ll; llvm/test/CodeGen/X86/vector-fshr-128.ll; llvm/test/CodeGen/X86/vector-fshl-rot-128.ll,success2
llvm___llvm-project,cf53c6c9710617ea465863e117dda695af2c3ebb,04ed6e7afc3054de654a31c2210834390ea00ecc,2021-09-02 19:26:54 +0000,Signature: Incorrect Variable Usage,A.4,bug,1,https://api.github.com/repos/llvm/llvm-project.git/commits/cf53c6c9710617ea465863e117dda695af2c3ebb,llvm/lib/Target/X86/X86MCInstLower.cpp,llvm/test/CodeGen/X86/asan-check-memaccess-add.ll; llvm/test/CodeGen/X86/asan-check-memaccess-or.ll,1526,1532,llvm/test/CodeGen/X86/asan-check-memaccess-add.ll; llvm/test/CodeGen/X86/asan-check-memaccess-or.ll,success2
llvm___llvm-project,eba76056a364d206de7f0ac944c8601c988b6405,ebee606e38451124b03e2adb3374703d51a09fcf,2021-09-27 08:39:53 +0100,Logic Organization: Improper Condition Organization,D.1,bug,1,https://api.github.com/repos/llvm/llvm-project.git/commits/eba76056a364d206de7f0ac944c8601c988b6405,llvm/lib/Transforms/IPO/FunctionSpecialization.cpp,llvm/test/Transforms/FunctionSpecialization/function-specialization-constant-expression.ll; llvm/test/Transforms/FunctionSpecialization/function-specialization-constant-expression2.ll; llvm/test/Transforms/FunctionSpecialization/function-specialization-poison.ll,675,680,llvm/test/Transforms/FunctionSpecialization/function-specialization-constant-expression2.ll; llvm/test/Transforms/FunctionSpecialization/function-specialization-poison.ll; llvm/test/Transforms/FunctionSpecialization/function-specialization-constant-expression.ll,success2
llvm___llvm-project,2dd883439c7886182902c0aa17b34c0a8ed88b66,385b2189cc4446745e1ea4ac803c22b3daef73ec,2021-09-29 11:36:13 -0700,Logic Organization: Improper Condition Organization,D.1,bug,1,https://api.github.com/repos/llvm/llvm-project.git/commits/2dd883439c7886182902c0aa17b34c0a8ed88b66,llvm/lib/IR/Mangler.cpp,llvm/test/CodeGen/X86/stdcall.ll; llvm/test/CodeGen/X86/vectorcall.ll,99,104,llvm/test/CodeGen/X86/vectorcall.ll; llvm/test/CodeGen/X86/stdcall.ll,success2
llvm___llvm-project,e2b838dd913200702f2eee29100a788c0573bc50,2568286892310877f24313c8e1626e415f9ae406,2021-10-04 23:01:28 +0100,Signature: Incorrect Variable Usage,A.4,bug,1,https://api.github.com/repos/llvm/llvm-project.git/commits/e2b838dd913200702f2eee29100a788c0573bc50,llvm/lib/CodeGen/MachineFunction.cpp,llvm/test/DebugInfo/X86/instr-ref-eh-landing-pad.ll,1148,1158,llvm/test/DebugInfo/X86/instr-ref-eh-landing-pad.ll,success2
llvm___llvm-project,259390de9af659e2432c5b2af041ec6576c1b26d,59441c73296e7c489ac1d71ffda2de3060bdd4f8,2021-10-06 14:32:08 -0700,Signature: Incorrect Function Return Value,A.3,bug,1,https://api.github.com/repos/llvm/llvm-project.git/commits/259390de9af659e2432c5b2af041ec6576c1b26d,llvm/lib/Analysis/LazyCallGraph.cpp,llvm/test/Analysis/LazyCallGraph/invalidate.ll,220,227,llvm/test/Analysis/LazyCallGraph/invalidate.ll,success2
llvm___llvm-project,4c5702cb123b8fd705982c638fb18c999f69d63a,a54f4eae0e1d0ef5adccdcf9f6c2b518dc1101aa,2021-10-12 20:23:22 -0700,Logic Organization: Wrong Function Call Sequence,D.2,bug,1,https://api.github.com/repos/llvm/llvm-project.git/commits/4c5702cb123b8fd705982c638fb18c999f69d63a,llvm/lib/Analysis/ValueTracking.cpp,llvm/test/Transforms/InstCombine/freeze.ll,4959,4969,llvm/test/Transforms/InstCombine/freeze.ll,success2
llvm___llvm-project,5ec23863320ca12bfabb6dcff1d0425cb614b7a5,acbefbf19f6c41854cca2e7df6507b345c502ec6,2021-11-09 16:51:41 +0700,Signature: Incorrect Variable Usage,A.4,bug,1,https://api.github.com/repos/llvm/llvm-project.git/commits/5ec23863320ca12bfabb6dcff1d0425cb614b7a5,llvm/lib/Transforms/Scalar/IndVarSimplify.cpp,llvm/test/Transforms/GVN/gvn-eliminate-duplicating-phis.ll; llvm/test/Transforms/IndVarSimplify/X86/pr27133.ll; llvm/test/Transforms/IndVarSimplify/widen-loop-comp.ll; llvm/test/Transforms/LoopVectorize/X86/gather_scatter.ll; llvm/test/Transforms/PhaseOrdering/X86/pixel-splat.ll; llvm/test/Transforms/PhaseOrdering/X86/vdiv.ll,1924,1930,llvm/test/Transforms/LoopVectorize/X86/gather_scatter.ll; llvm/test/Transforms/IndVarSimplify/X86/pr27133.ll; llvm/test/Transforms/PhaseOrdering/X86/pixel-splat.ll; llvm/test/Transforms/PhaseOrdering/X86/vdiv.ll,success2
llvm___llvm-project,b0319ab79bf59669803cc2475fae1d12f8eeaca9,396370e889faf77324d4aea378739af66447ef97,2021-11-30 12:28:45 +0000,Signature: Incorrect Function Usage,A.1,bug,1,https://api.github.com/repos/llvm/llvm-project.git/commits/b0319ab79bf59669803cc2475fae1d12f8eeaca9,llvm/lib/CodeGen/SelectionDAG/SelectionDAGBuilder.cpp,llvm/test/CodeGen/RISCV/rvv/fixed-vectors-calling-conv-fastcc.ll; llvm/test/CodeGen/RISCV/rvv/fixed-vectors-calling-conv.ll; llvm/test/CodeGen/RISCV/rvv/pr52475.ll; llvm/test/CodeGen/RISCV/srem-vector-lkk.ll; llvm/test/CodeGen/RISCV/urem-vector-lkk.ll; llvm/test/CodeGen/WebAssembly/multi-return.ll; llvm/test/CodeGen/WebAssembly/simd-conversions.ll; llvm/test/CodeGen/X86/addcarry.ll; llvm/test/CodeGen/X86/fp128-cast.ll; llvm/test/CodeGen/X86/i128-add.ll; llvm/test/CodeGen/X86/masked_load.ll; llvm/test/CodeGen/X86/mul128.ll; llvm/test/CodeGen/X86/pmulh.ll; llvm/test/CodeGen/X86/scheduler-backtracking.ll; llvm/test/CodeGen/X86/subcarry.ll; llvm/test/CodeGen/X86/umul-with-overflow.ll; llvm/test/CodeGen/X86/umulo-128-legalisation-lowering.ll,1920,1927,llvm/test/CodeGen/X86/umul-with-overflow.ll; llvm/test/CodeGen/X86/scheduler-backtracking.ll; llvm/test/CodeGen/X86/mul128.ll; llvm/test/CodeGen/X86/addcarry.ll; llvm/test/CodeGen/X86/pmulh.ll; llvm/test/CodeGen/X86/masked_load.ll; llvm/test/CodeGen/X86/subcarry.ll; llvm/test/CodeGen/X86/i128-add.ll; llvm/test/CodeGen/X86/umulo-128-legalisation-lowering.ll; llvm/test/CodeGen/X86/fp128-cast.ll,success2
llvm___llvm-project,e5a8af7a90c6a9ac46293eb3600029d43d695b8e,93fbaa46c82abd2d54bce9a7c3b39b01c30220d6,2021-12-11 03:14:48 +0000,Signature: Incorrect Function Usage,A.1,bug,1,https://api.github.com/repos/llvm/llvm-project.git/commits/e5a8af7a90c6a9ac46293eb3600029d43d695b8e,llvm/lib/Transforms/Utils/RelLookupTableConverter.cpp,llvm/test/Transforms/RelLookupTableConverter/X86/relative_lookup_table.ll,144,149,llvm/test/Transforms/RelLookupTableConverter/X86/relative_lookup_table.ll,success2
llvm___llvm-project,b6a41fddcfd375ce30487ef87ca2cd65a6be0bcc,597eae998a874a872b67d1a22a04d7c45d2ef94b,2022-01-21 10:54:53 +0000,Memory Error: Uncontrolled Resource Consumption,C.2,bug,1,https://api.github.com/repos/llvm/llvm-project.git/commits/b6a41fddcfd375ce30487ef87ca2cd65a6be0bcc,llvm/lib/CodeGen/AsmPrinter/DwarfCompileUnit.cpp,llvm/test/DebugInfo/X86/base-type-size.ll,1581,1587,llvm/test/DebugInfo/X86/base-type-size.ll,success2
llvm___llvm-project,0e74d75a295729bc145724ffa0495fee4d1b598c,cedc23bc8612feea61c0a7d92ccaae1ce51520ce,2022-02-22 09:49:19 +0000,Logic Organization: Wrong Function Call Sequence,D.2,bug,1,https://api.github.com/repos/llvm/llvm-project.git/commits/0e74d75a295729bc145724ffa0495fee4d1b598c,llvm/lib/Transforms/Scalar/StructurizeCFG.cpp,llvm/test/Transforms/StructurizeCFG/invert-condition.ll,1089,1096,llvm/test/Transforms/StructurizeCFG/invert-condition.ll,success2
llvm___llvm-project,a5c3b5748c1176c11bdc041271ead5392295742d,c0cc98251a453e2850c25adb10a3fd6b3e86a2e8,2022-04-01 16:33:35 +0200,Signature: Incorrect Function Usage,A.1,bug,1,https://api.github.com/repos/llvm/llvm-project.git/commits/a5c3b5748c1176c11bdc041271ead5392295742d,llvm/lib/Transforms/Scalar/MemCpyOptimizer.cpp,llvm/test/Transforms/MemCpyOpt/pr54682.ll,1427,1433,llvm/test/Transforms/MemCpyOpt/pr54682.ll,success2
llvm___llvm-project,059d1f84d2d59093300a81c246de81b1c1da767b,623d4b57873df98ffad852462cf292601e79fb93,2022-04-04 11:11:24 +0100,Signature: Incorrect Variable Usage,A.4,bug,1,https://api.github.com/repos/llvm/llvm-project.git/commits/059d1f84d2d59093300a81c246de81b1c1da767b,llvm/lib/CodeGen/AsmPrinter/DwarfUnit.cpp,llvm/test/DebugInfo/AArch64/bitfields.ll; llvm/test/DebugInfo/ARM/big-endian-bitfield.ll; llvm/test/DebugInfo/ARM/bitfield.ll; llvm/test/DebugInfo/X86/bitfields-dwarf4.ll; llvm/test/DebugInfo/X86/bitfields.ll; llvm/test/DebugInfo/X86/debug-info-packed-struct.ll; llvm/test/DebugInfo/X86/packed_bitfields2.ll,1621,1627,llvm/test/DebugInfo/X86/packed_bitfields2.ll,success2
llvm___llvm-project,e22af03a794d633915d0b51c15e05bb9cb9b4ec9,7d452742632dc0d14e45bac72a2874c75d64e15e,2022-04-07 16:23:56 +0200,Sanitizer: Control Expression Error,B,bug,1,https://api.github.com/repos/llvm/llvm-project.git/commits/e22af03a794d633915d0b51c15e05bb9cb9b4ec9,llvm/lib/Transforms/Scalar/Sink.cpp,llvm/test/Transforms/Sink/call.ll,43,49,llvm/test/Transforms/Sink/call.ll,success2
llvm___llvm-project,930a68765dff96927d706d258ef0c2ad9c7ec2ab,29fe998eaa38d52d0f764800e17917cff1375598,2022-04-08 17:26:29 +0200,Signature: Incorrect Function Usage,A.1,bug,1,https://api.github.com/repos/llvm/llvm-project.git/commits/930a68765dff96927d706d258ef0c2ad9c7ec2ab,llvm/lib/Analysis/Loads.cpp,llvm/test/Transforms/InstCombine/load-store-forward.ll,504,511,llvm/test/Transforms/InstCombine/load-store-forward.ll,success2
llvm___llvm-project,733d7cf9649968c05f41480747ed91c7b0c3a82f,9b3c5cba9f71e0d7d81feec9260ce7aafec858a0,2022-05-24 14:09:18 +0800,Logic Organization: Improper Condition Organization,D.1,bug,1,https://api.github.com/repos/llvm/llvm-project.git/commits/733d7cf9649968c05f41480747ed91c7b0c3a82f,llvm/lib/Transforms/Coroutines/CoroFrame.cpp,llvm/test/Transforms/Coroutines/coro-debug-coro-frame.ll,2564,2626,llvm/test/Transforms/Coroutines/coro-debug-coro-frame.ll,success2
llvm___llvm-project,534b9246a20498e2cd4d2b9a512e7c5e75c83bc7,d489b3807f096584175c321ce7f20e9dcd49b1da,2022-07-15 12:35:08 +0200,Sanitizer: Control Expression Error,B,bug,1,https://api.github.com/repos/llvm/llvm-project.git/commits/534b9246a20498e2cd4d2b9a512e7c5e75c83bc7,llvm/lib/Analysis/LoopInfo.cpp,llvm/test/Transforms/LoopUnroll/callbr.ll; llvm/test/Transforms/SimpleLoopUnswitch/callbr.ll,482,492,llvm/test/Transforms/SimpleLoopUnswitch/callbr.ll; llvm/test/Transforms/LoopUnroll/callbr.ll,success2
llvm___llvm-project,4f046bc8e0b9439efeb2906ced7930f831495ee4,8dd14c427ae5c86cc2af4b8cac05b41bc4a49e86,2022-08-30 14:26:36 +0200,Signature: Incorrect Variable Usage,A.4,bug,1,https://api.github.com/repos/llvm/llvm-project.git/commits/4f046bc8e0b9439efeb2906ced7930f831495ee4,llvm/lib/Analysis/PHITransAddr.cpp,llvm/test/Transforms/GVN/condprop-memdep-invalidation.ll; llvm/test/Transforms/GVN/memdep-unknown-deadblocks.ll; llvm/test/Transforms/GVN/phi-translation-to-wrong-context.ll,317,324,llvm/test/Transforms/GVN/phi-translation-to-wrong-context.ll; llvm/test/Transforms/GVN/condprop-memdep-invalidation.ll; llvm/test/Transforms/GVN/memdep-unknown-deadblocks.ll,success2
llvm___llvm-project,51d4c7ceea61b5d83ba52398b5ca6d58d7551044,be37caca0055df77c9e3ca0a63d4b2ccefe94f7d,2022-09-02 10:56:11 +0200,Logic Organization: Wrong Function Call Sequence,D.2,bug,1,https://api.github.com/repos/llvm/llvm-project.git/commits/51d4c7ceea61b5d83ba52398b5ca6d58d7551044,llvm/lib/Transforms/IPO/GlobalOpt.cpp,llvm/test/Transforms/GlobalOpt/PowerPC/coldcc_coldsites.ll; llvm/test/Transforms/GlobalOpt/dbg-intrinsic-loopanalysis.ll,1821,1831,llvm/test/Transforms/GlobalOpt/dbg-intrinsic-loopanalysis.ll,success2
llvm___llvm-project,8df376db7282b955e7990cb8887ee9dcd3565040,76fd4bf675b5ceeeca0e4e15cf15d89c7acf4947,2022-09-22 16:35:07 +0200,Logic Organization: Improper Condition Organization,D.1,bug,1,https://api.github.com/repos/llvm/llvm-project.git/commits/8df376db7282b955e7990cb8887ee9dcd3565040,llvm/lib/Transforms/InstCombine/InstCombineCasts.cpp,llvm/test/Transforms/InstCombine/zext.ll,1014,1044,llvm/test/Transforms/InstCombine/zext.ll,success2
llvm___llvm-project,0513b0305acde91a0a5f7f5ea4061476011f0d1d,e4fcbf3950092a78852e09f7cd8fe1d703967516,2022-09-29 18:22:56 +0200,Signature: Fault Input Type,A.2,bug,1,https://api.github.com/repos/llvm/llvm-project.git/commits/0513b0305acde91a0a5f7f5ea4061476011f0d1d,llvm/lib/Target/X86/X86ISelLowering.cpp,llvm/test/CodeGen/X86/or-lea.ll,48592,48598,llvm/test/CodeGen/X86/or-lea.ll,success2
llvm___llvm-project,6acf6661dd17af9f9858f3d3ff67eb88f7675d31,4fa54f8b8196e83c7ab8856dab582387ce07282f,2022-12-13 08:12:36 -0500,Sanitizer: Control Expression Error,B,bug,1,https://api.github.com/repos/llvm/llvm-project.git/commits/6acf6661dd17af9f9858f3d3ff67eb88f7675d31,llvm/lib/Analysis/ConstantFolding.cpp,llvm/test/Transforms/InstSimplify/canonicalize.ll,1970,1978,llvm/test/Transforms/InstSimplify/canonicalize.ll,success2
llvm___llvm-project,dd881c9dbf5d940eedff7d23395141454c5a26b9,f406db91f341d83996ba076ac851dc731af7be2d,2022-12-22 03:31:36 -0500,Signature: Incorrect Variable Usage,A.4,bug,1,https://api.github.com/repos/llvm/llvm-project.git/commits/dd881c9dbf5d940eedff7d23395141454c5a26b9,llvm/lib/CodeGen/AsmPrinter/DwarfUnit.cpp,llvm/test/DebugInfo/AArch64/bitfields.ll; llvm/test/DebugInfo/ARM/big-endian-bitfield.ll; llvm/test/DebugInfo/ARM/bitfield.ll; llvm/test/DebugInfo/X86/bitfields-dwarf4.ll; llvm/test/DebugInfo/X86/bitfields.ll; llvm/test/DebugInfo/X86/debug-info-packed-struct.ll; llvm/test/DebugInfo/X86/packed_bitfields2.ll,1623,1629,llvm/test/DebugInfo/X86/packed_bitfields2.ll,success2
llvm___llvm-project,d8f541efe7b40fe49664054ad0e7306641762131,d7a63a0421d5dfe91eace88dda1e5b20550b771c,2022-12-23 17:14:22 +0300,Logic Organization: Improper Condition Organization,D.1,bug,1,https://api.github.com/repos/llvm/llvm-project.git/commits/d8f541efe7b40fe49664054ad0e7306641762131,llvm/lib/CodeGen/SelectionDAG/DAGCombiner.cpp,llvm/test/CodeGen/X86/freeze-binary.ll,14252,14304,llvm/test/CodeGen/X86/freeze-binary.ll,success2
llvm___llvm-project,68469a80cb7468c577701d725a56a86454b8f0cb,7ea47f9e41935e0d132499e8832bb8d45f39d698,2023-01-06 10:56:17 +0000,Logic Organization: Improper Condition Organization,D.1,bug,1,https://api.github.com/repos/llvm/llvm-project.git/commits/68469a80cb7468c577701d725a56a86454b8f0cb,llvm/lib/Transforms/Vectorize/LoopVectorize.cpp,llvm/test/Transforms/LoopVectorize/ARM/pointer_iv.ll; llvm/test/Transforms/LoopVectorize/ARM/tail-folding-loop-hint.ll; llvm/test/Transforms/LoopVectorize/PowerPC/optimal-epilog-vectorization.ll; llvm/test/Transforms/LoopVectorize/X86/already-vectorized.ll; llvm/test/Transforms/LoopVectorize/X86/float-induction-x86.ll; llvm/test/Transforms/LoopVectorize/X86/gather_scatter.ll; llvm/test/Transforms/LoopVectorize/X86/invariant-load-gather.ll; llvm/test/Transforms/LoopVectorize/X86/invariant-store-vectorization.ll; llvm/test/Transforms/LoopVectorize/X86/masked_load_store.ll; llvm/test/Transforms/LoopVectorize/X86/metadata-enable.ll; llvm/test/Transforms/LoopVectorize/X86/tail_loop_folding.ll; llvm/test/Transforms/LoopVectorize/X86/uniform_mem_op.ll; llvm/test/Transforms/LoopVectorize/followup.ll; llvm/test/Transforms/LoopVectorize/if-pred-non-void.ll; llvm/test/Transforms/LoopVectorize/induction.ll; llvm/test/Transforms/LoopVectorize/interleaved-accesses.ll; llvm/test/Transforms/LoopVectorize/invariant-store-vectorization-2.ll; llvm/test/Transforms/LoopVectorize/invariant-store-vectorization.ll; llvm/test/Transforms/LoopVectorize/memdep-fold-tail.ll; llvm/test/Transforms/LoopVectorize/optsize.ll; llvm/test/Transforms/LoopVectorize/pointer-select-runtime-checks.ll; llvm/test/Transforms/LoopVectorize/reduction-with-invariant-store.ll; llvm/test/Transforms/LoopVectorize/runtime-check.ll; llvm/test/Transforms/LoopVectorize/vectorize-once.ll; llvm/test/Transforms/PhaseOrdering/AArch64/hoisting-sinking-required-for-vectorization.ll; llvm/test/Transforms/PhaseOrdering/X86/excessive-unrolling.ll; llvm/test/Transforms/PhaseOrdering/X86/vdiv.ll,7698,7706,llvm/test/Transforms/LoopVectorize/vectorize-once.ll; llvm/test/Transforms/LoopVectorize/X86/masked_load_store.ll; llvm/test/Transforms/LoopVectorize/pointer-select-runtime-checks.ll; llvm/test/Transforms/LoopVectorize/X86/float-induction-x86.ll; llvm/test/Transforms/LoopVectorize/X86/already-vectorized.ll; llvm/test/Transforms/LoopVectorize/invariant-store-vectorization.ll; llvm/test/Transforms/LoopVectorize/invariant-store-vectorization-2.ll; llvm/test/Transforms/LoopVectorize/if-pred-non-void.ll; llvm/test/Transforms/LoopVectorize/followup.ll; llvm/test/Transforms/LoopVectorize/runtime-check.ll; llvm/test/Transforms/PhaseOrdering/X86/excessive-unrolling.ll; llvm/test/Transforms/LoopVectorize/X86/invariant-load-gather.ll; llvm/test/Transforms/LoopVectorize/X86/invariant-store-vectorization.ll; llvm/test/Transforms/LoopVectorize/reduction-with-invariant-store.ll; llvm/test/Transforms/PhaseOrdering/X86/vdiv.ll,success2
llvm___llvm-project,9497680067cc5a2e7d4e0bf657b23d57c06e5e97,ff8742df9e65c60de2fce0b19c0f52fd663626a1,2023-02-10 17:12:21 +0000,Signature: Incorrect Function Return Value,A.3,bug,1,https://api.github.com/repos/llvm/llvm-project.git/commits/9497680067cc5a2e7d4e0bf657b23d57c06e5e97,llvm/include/llvm/Analysis/ConstraintSystem.h,llvm/test/Transforms/ConstraintElimination/debug.ll,91,97,llvm/test/Transforms/ConstraintElimination/debug.ll,success2
llvm___llvm-project,7b54a29c2e72e3e6bf7bb8cb5acfe254335584d7,6103147fb4fe694b5c4f5367619598a78ffc6710,2023-03-06 16:13:58 +0000,Signature: Incorrect Function Return Value,A.3,bug,1,https://api.github.com/repos/llvm/llvm-project.git/commits/7b54a29c2e72e3e6bf7bb8cb5acfe254335584d7,llvm/lib/Target/X86/X86ISelLowering.cpp,llvm/test/CodeGen/X86/bitcast-and-setcc-256.ll,43676,43683,llvm/test/CodeGen/X86/bitcast-and-setcc-256.ll,success2
llvm___llvm-project,831e99fee90e9406c7260ca66d688ec353110183,c5363678932a8187b06f931ea30c5d06017b1bb5,2023-03-13 10:14:02 -0700,Logic Organization: Wrong Function Call Sequence,D.2,bug,1,https://api.github.com/repos/llvm/llvm-project.git/commits/831e99fee90e9406c7260ca66d688ec353110183,llvm/lib/Transforms/Scalar/GVNHoist.cpp,llvm/test/Transforms/GVNHoist/hoist-call.ll,808,822,llvm/test/Transforms/GVNHoist/hoist-call.ll,success2
llvm___llvm-project,9cf1881f8f12a70c28432278a2878a6113c017c1,fd527ceff1c7bcaa2c9b5c27a52164cdd16a4ebe,2023-04-25 21:44:35 +0100,Logic Organization: Improper Condition Organization,D.1,bug,1,https://api.github.com/repos/llvm/llvm-project.git/commits/9cf1881f8f12a70c28432278a2878a6113c017c1,llvm/lib/Analysis/LoopAccessAnalysis.cpp,llvm/test/Transforms/LoopVectorize/vector-no-scevcheck.ll,2642,2647,llvm/test/Transforms/LoopVectorize/vector-no-scevcheck.ll,success2
llvm___llvm-project,dc81e69eb126ea1dbab202733ae34b1a3d6eb0cf,8d7e90c3b5d22e31c6af25c2f95b8047038590c4,2023-05-31 11:18:53 +0200,Sanitizer: Control Expression Error,B,bug,1,https://api.github.com/repos/llvm/llvm-project.git/commits/dc81e69eb126ea1dbab202733ae34b1a3d6eb0cf,llvm/lib/Transforms/Utils/SimplifyIndVar.cpp,llvm/test/Transforms/IndVarSimplify/pr62992.ll,217,224,llvm/test/Transforms/IndVarSimplify/pr62992.ll,success2
llvm___llvm-project,bef8294650f0119238830d73a7527023c7c8a97f,d2fafa79ef08f9ef9cd0108a6caa7fc61a31bdeb,2023-06-22 10:03:17 -0700,Signature: Incorrect Function Usage,A.1,bug,1,https://api.github.com/repos/llvm/llvm-project.git/commits/bef8294650f0119238830d73a7527023c7c8a97f,llvm/lib/CodeGen/AsmPrinter/AsmPrinter.cpp,llvm/test/CodeGen/AArch64/xray-attribute-instrumentation.ll; llvm/test/CodeGen/AArch64/xray-omit-function-index.ll; llvm/test/CodeGen/AArch64/xray-partial-instrumentation-skip-entry.ll; llvm/test/CodeGen/AArch64/xray-partial-instrumentation-skip-exit.ll; llvm/test/CodeGen/AArch64/xray-tail-call-sled.ll; llvm/test/CodeGen/ARM/xray-armv6-attribute-instrumentation.ll; llvm/test/CodeGen/ARM/xray-armv7-attribute-instrumentation.ll; llvm/test/CodeGen/X86/xray-attribute-instrumentation.ll; llvm/test/CodeGen/X86/xray-log-args.ll; llvm/test/CodeGen/X86/xray-partial-instrumentation-skip-entry.ll; llvm/test/CodeGen/X86/xray-partial-instrumentation-skip-exit.ll; llvm/test/CodeGen/X86/xray-tail-call-sled.ll,4033,4039,llvm/test/CodeGen/X86/xray-attribute-instrumentation.ll; llvm/test/CodeGen/AArch64/xray-partial-instrumentation-skip-entry.ll; llvm/test/CodeGen/AArch64/xray-attribute-instrumentation.ll; llvm/test/CodeGen/AArch64/xray-tail-call-sled.ll; llvm/test/CodeGen/X86/xray-log-args.ll; llvm/test/CodeGen/X86/xray-partial-instrumentation-skip-entry.ll; llvm/test/CodeGen/X86/xray-tail-call-sled.ll,success2
llvm___llvm-project,5a406b63e9d70225cd56fd5c3b791e78f4aed3cc,3d53744b871f93b5062a33b7e854d9d46bdfdae5,2023-08-11 11:17:47 -0700,Signature: Incorrect Function Return Value,A.3,bug,1,https://api.github.com/repos/llvm/llvm-project.git/commits/5a406b63e9d70225cd56fd5c3b791e78f4aed3cc,llvm/lib/Transforms/IPO/AttributorAttributes.cpp,llvm/test/Transforms/Attributor/nocapture-2.ll,5885,5892,llvm/test/Transforms/Attributor/nocapture-2.ll,success2
llvm___llvm-project,c15ccfb24afa67d3c3f54e52cc1d1afa564715ed,f44beecb78d25dca27de74823e1d958c8bd57d31,2023-08-14 17:39:48 +0200,Signature: Incorrect Variable Usage,A.4,bug,1,https://api.github.com/repos/llvm/llvm-project.git/commits/c15ccfb24afa67d3c3f54e52cc1d1afa564715ed,llvm/lib/Transforms/InstCombine/InstructionCombining.cpp,llvm/test/Transforms/InstCombine/binop-select-cast-of-select-cond.ll,908,914,llvm/test/Transforms/InstCombine/binop-select-cast-of-select-cond.ll,success2
llvm___llvm-project,57a554800b804a0d849858972822142e1f75d37f,24f437f31e0b4bcf9e55e55ebe986e544d89e5cd,2023-09-20 14:10:01 +0200,Sanitizer: Control Expression Error,B,bug,1,https://api.github.com/repos/llvm/llvm-project.git/commits/57a554800b804a0d849858972822142e1f75d37f,llvm/lib/Transforms/Scalar/SROA.cpp,llvm/test/Transforms/SROA/basictest.ll,2713,2719,llvm/test/Transforms/SROA/basictest.ll,success2
llvm___llvm-project,e8d5db206c2f5c4afac8288ab96193a5638270ae,e62d25e37d3f218b6dbe4289a8cf7f32c5bc110b,2023-10-31 14:02:42 +0100,Signature: Incorrect Variable Usage,A.4,bug,1,https://api.github.com/repos/llvm/llvm-project.git/commits/e8d5db206c2f5c4afac8288ab96193a5638270ae,llvm/lib/Transforms/Utils/LoopPeel.cpp,llvm/test/Transforms/LoopUnroll/peel-loop-pgo-deopt.ll; llvm/test/Transforms/LoopUnroll/peel-loop-pgo.ll,636,644,llvm/test/Transforms/LoopUnroll/peel-loop-pgo.ll; llvm/test/Transforms/LoopUnroll/peel-loop-pgo-deopt.ll,success2
llvm___llvm-project,9ef829097bbc4cf908698e3891af11a154e1d3e2,5cc9347aa3f13e3bcea92640771f6352e2181ef4,2023-11-07 13:40:01 -0600,Signature: Incorrect Function Return Value,A.3,bug,1,https://api.github.com/repos/llvm/llvm-project.git/commits/9ef829097bbc4cf908698e3891af11a154e1d3e2,llvm/lib/Transforms/InstCombine/InstCombineSelect.cpp,llvm/test/Transforms/InstCombine/pr71330.ll,2891,2898,llvm/test/Transforms/InstCombine/pr71330.ll,success2
llvm___llvm-project,44af5924b1cbbb395e7e71250a5445053c4ec4a3,2ed15877e7427801d1699611d0b29f23718b01ab,2023-11-17 18:32:52 +0400,Logic Organization: Improper Condition Organization,D.1,bug,1,https://api.github.com/repos/llvm/llvm-project.git/commits/44af5924b1cbbb395e7e71250a5445053c4ec4a3,llvm/lib/IR/IntrinsicInst.cpp,llvm/test/Verifier/gc_none_token.ll,870,875,llvm/test/Verifier/gc_none_token.ll,success2
llvm___llvm-project,6d2dfd37bd50b21ed90427052198bd1f06c761f8,ae6eedd27556c32232f4e8be1292ffa0e1f16d90,2023-11-30 10:18:49 +0100,Sanitizer: Control Expression Error,B,bug,1,https://api.github.com/repos/llvm/llvm-project.git/commits/6d2dfd37bd50b21ed90427052198bd1f06c761f8,llvm/lib/Transforms/Scalar/LoopPassManager.cpp,llvm/test/Other/loop-mssa-not-preserved.ll,313,319,llvm/test/Other/loop-mssa-not-preserved.ll,success2
llvm___llvm-project,ab3fdbdfbe7edc62049c602d87be91c3ad3f5e3b,0e163e75d44cfa024092cda5099bd41af2218215,2023-12-01 16:20:38 +0800,Sanitizer: Control Expression Error,B,bug,1,https://api.github.com/repos/llvm/llvm-project.git/commits/ab3fdbdfbe7edc62049c602d87be91c3ad3f5e3b,llvm/lib/Analysis/ValueTracking.cpp,llvm/test/Analysis/ValueTracking/select-known-non-zero.ll; llvm/test/Transforms/InstCombine/zext-or-icmp.ll,2186,2192,llvm/test/Transforms/InstCombine/zext-or-icmp.ll; llvm/test/Analysis/ValueTracking/select-known-non-zero.ll,success2
nanomsg___nng,e3b8f31b044e4fe7d47439467fc1622266b5335c,0467702bf1e5b4777c254d4116d8f8972b5a44a2,2018-04-14 15:09:27 -0700,Logic Organization: Wrong Function Call Sequence,D.2,bug,1,https://api.github.com/repos/nanomsg/nng/commits/e3b8f31b044e4fe7d47439467fc1622266b5335c,src/compat/nanomsg/nn.c,tests/CMakeLists.txt; tests/compat_options.c,835,841,compat_options,success2
nanomsg___nng,6a59b15fba1085432c4c18952680e14d80dd134a,57e315d7b3a2baf38ec3085faf59c4aef4a0ab9e,2020-02-25 21:04:19 -0800,Logic Organization: Improper Condition Organization,D.1,bug,1,https://api.github.com/repos/nanomsg/nng/commits/6a59b15fba1085432c4c18952680e14d80dd134a,src/nng.c,tests/sock.c,105,118,sock,success2
nanomsg___nng,111b241473ceeecee1f1c232d3c9879fb850361d,e792d31b4a3b04658108e59edeab78495ac6b5a8,2021-12-02 14:29:06 -0800,Memory Error: Uncontrolled Resource Consumption,C.2,bug,1,https://api.github.com/repos/nanomsg/nng/commits/111b241473ceeecee1f1c232d3c9879fb850361d,src/core/message.c,src/core/message_test.c,273,279,nng.pipe,success2
skypjack___entt,cf0da32fd0d0c9fe6ac322f18a8b6176407f7679,5a3085c42be70982414a32450c7055d3f22f0f0b,2021-01-25T14:12:59Z,Signature: Fault Input Type,A.2,bug,1,https://api.github.com/repos/skypjack/entt/commits/cf0da32fd0d0c9fe6ac322f18a8b6176407f7679,src/entt/meta/meta.hpp,test/entt/meta/meta_container.cpp,2044,2052,meta_container,success2
skypjack___entt,ad5bb5198bae3e41beafc96a0a509725df0d3f79,d306bc4a9a008e15eb0179bf9000e1154c2d052c,2020-06-22T15:02:45Z,Signature: Incorrect Function Return Value,A.3,bug,1,https://api.github.com/repos/skypjack/entt/commits/ad5bb5198bae3e41beafc96a0a509725df0d3f79,src/entt/meta/meta.hpp,test/entt/meta/meta_container.cpp,1972,1978,meta_container,success2
uncrustify___uncrustify,dfe791684b24adc9eef81baef867f824866abdfa,f4043299e5ee9b8607e6eed1b1bf0901b85fe747,2017-09-22 18:13:19 +0200,Logic Organization: Wrong Function Call Sequence,D.2,bug,1,https://api.github.com/repos/uncrustify/uncrustify/commits/dfe791684b24adc9eef81baef867f824866abdfa,src/width.cpp,tests/output/c/00451-enum_gallery.c; tests/output/c/00453-enum_gallery.c,338,343,c_00451; c_00453,success2
uncrustify___uncrustify,059898e80d55dbe8d5c5eca6e6c1b10668553f92,a38a422316def5f5101ed6012cc94d78edf468a7,2017-10-12 17:09:34 +0200,Sanitizer: Control Expression Error,B,bug,1,https://api.github.com/repos/uncrustify/uncrustify/commits/059898e80d55dbe8d5c5eca6e6c1b10668553f92,src/align.cpp,tests/config/bug_1340.cfg; tests/cpp.test; tests/input/cpp/bug_1340.cpp; tests/output/cpp/30023-templates.cpp; tests/output/cpp/30220-bug_1340.cpp,730,736,cpp_30023; cpp_30220,success2
zeromq___libzmq,ecc63d0d3b0e1a62c90b58b1ccdb5ac16cb2400a,7af09a0e3bca37d9da21a1bca2ab27e494b4e3d8,2023-06-20 16:17:26 +0200,Logic Organization: Improper Condition Organization,D.1,bug,1,https://api.github.com/repos/zeromq/libzmq/commits/ecc63d0d3b0e1a62c90b58b1ccdb5ac16cb2400a,src/v3_1_encoder.cpp,tests/CMakeLists.txt; tests/test_xpub_topic.cpp,29,44,test_xpub_topic,success2
